level_id,title,maker,difficulty,clear_rate,attempts,clears,likes,tags,completion_rate,difficulty_score,popularity_score,engagement_score,timestamp,data_version
ba0cf8a2-2d1f-481f-9c3b-2599a6124595,Level 1,Player 1,easy,15.53,327,23,47,"platformer,speedrun",0.136,0.285,0.327,0.757,2024-12-23 04:37:18.282884,1.0
9c452de1-419f-47c2-9db9-71bc33ac4c74,Level 2,Player 2,normal,16.09,865,96,37,"puzzle,technical",0.913,0.599,0.854,0.258,2024-12-23 04:37:18.282884,1.0
aef22523-907a-45f1-a383-b67d48b3d160,Level 3,Player 3,hard,20.37,731,45,403,"platformer,speedrun",0.578,0.282,0.377,0.224,2024-12-23 04:37:18.282884,1.0
f22e1b3e-488c-4aca-8d4c-327eeb1e3fc0,Level 4,Player 4,expert,2.65,989,45,213,"puzzle,technical",0.373,0.014,0.502,0.625,2024-12-23 04:37:18.282884,1.0
2871f64f-53a7-46d4-8091-ca8e8f8fd594,Level 5,Player 5,easy,22.07,302,22,151,"platformer,speedrun",0.163,0.187,0.837,0.821,2024-12-23 04:37:18.282884,1.0
a83bb33b-00e7-4f52-8296-7b69ad218040,Level 6,Player 6,normal,65.02,492,60,272,"puzzle,technical",0.626,0.899,0.777,0.484,2024-12-23 04:37:18.282884,1.0
d6a86fd3-3347-4ab1-a048-8bca133f9559,Level 7,Player 7,hard,99.59,479,98,286,"platformer,speedrun",0.356,0.062,0.467,0.252,2024-12-23 04:37:18.282884,1.0
109a7803-933b-41d5-855a-10deb9dd3830,Level 8,Player 8,expert,27.59,40,79,152,"puzzle,technical",0.428,0.393,0.706,0.089,2024-12-23 04:37:18.282884,1.0
f6b23cbd-3179-405b-82bf-23bc658462ec,Level 9,Player 9,easy,4.97,326,20,409,"platformer,speedrun",0.831,0.604,0.576,0.535,2024-12-23 04:37:18.282884,1.0
3ae50b5d-9c8e-484a-a2b8-ff7741f43503,Level 10,Player 10,normal,6.85,707,94,25,"puzzle,technical",0.6,0.627,0.147,0.141,2024-12-23 04:37:18.282884,1.0
42b128b4-aecb-476a-8df5-800e4b9168d3,Level 11,Player 1,hard,34.5,416,2,121,"platformer,speedrun",0.375,0.76,0.957,0.382,2024-12-23 04:37:18.282884,1.0
1e581628-780a-48c2-baad-bcd21b0c5a5a,Level 12,Player 2,expert,94.57,276,89,264,"puzzle,technical",0.364,0.436,0.98,0.668,2024-12-23 04:37:18.282884,1.0
ff5ee5dc-6616-4ce1-b52b-b0540731212d,Level 13,Player 3,easy,72.61,649,92,243,"platformer,speedrun",0.404,0.542,0.209,0.252,2024-12-23 04:37:18.282884,1.0
7810057d-bcee-4da8-8842-a69ed6644b46,Level 14,Player 4,normal,23.54,790,51,188,"puzzle,technical",0.227,0.413,0.887,0.124,2024-12-23 04:37:18.282884,1.0
89864f8c-00b2-485c-bda3-09cfa6fe67c0,Level 15,Player 5,hard,65.36,647,86,318,"platformer,speedrun",0.274,0.965,0.537,0.042,2024-12-23 04:37:18.282884,1.0
75abf319-dd41-4de3-abae-3186c4a9a83d,Level 16,Player 6,expert,35.48,969,14,332,"puzzle,technical",0.972,0.135,0.455,0.323,2024-12-23 04:37:18.282884,1.0
6e191487-ed45-4429-8830-05480172d871,Level 17,Player 7,easy,82.73,444,18,133,"platformer,speedrun",0.486,0.059,0.22,0.709,2024-12-23 04:37:18.282884,1.0
6fddfd52-4f42-4c2a-8e74-89c474c8b497,Level 18,Player 8,normal,21.66,497,55,433,"puzzle,technical",0.508,0.11,0.03,0.166,2024-12-23 04:37:18.282884,1.0
a0cb783a-68b3-47d1-8424-eed4a0a1d87b,Level 19,Player 9,hard,92.41,556,88,174,"platformer,speedrun",0.135,0.067,0.914,0.598,2024-12-23 04:37:18.282884,1.0
ed0cbb01-b84d-437c-aa86-f3b44331a56d,Level 20,Player 10,expert,5.6,648,15,105,"puzzle,technical",0.919,0.812,0.057,0.681,2024-12-23 04:37:18.282884,1.0
ccd36477-a695-48ae-9918-e5440fc89d26,Level 21,Player 1,easy,83.97,59,26,371,"platformer,speedrun",0.744,0.048,0.492,0.223,2024-12-23 04:37:18.282884,1.0
5104e2ca-a4a6-498e-8e26-b16794546aed,Level 22,Player 2,normal,73.32,238,29,40,"puzzle,technical",0.689,0.649,0.206,0.123,2024-12-23 04:37:18.282884,1.0
ee989d00-c431-4c77-a756-dd92a29a66ce,Level 23,Player 3,hard,58.05,147,21,17,"platformer,speedrun",0.083,0.75,0.295,0.294,2024-12-23 04:37:18.282884,1.0
6600b566-8941-46f9-a546-4aad4f8863a6,Level 24,Player 4,expert,79.87,494,71,306,"puzzle,technical",0.191,0.821,0.422,0.43,2024-12-23 04:37:18.282884,1.0
cccdfad6-6c80-4701-ab08-ac3e32999121,Level 25,Player 5,easy,37.2,502,7,51,"platformer,speedrun",0.744,0.757,0.481,0.215,2024-12-23 04:37:18.282884,1.0
c55a0631-d051-44c2-b982-e72ca0dd74f9,Level 26,Player 6,normal,33.36,830,3,409,"puzzle,technical",0.998,0.577,0.335,0.181,2024-12-23 04:37:18.282884,1.0
e37ba5aa-f98b-4b6f-9358-484d62ecf312,Level 27,Player 7,hard,70.35,387,64,160,"platformer,speedrun",0.361,0.315,0.02,0.012,2024-12-23 04:37:18.282884,1.0
96f99599-d9e5-4ee3-8605-2e5096d0d53d,Level 28,Player 8,expert,61.32,206,8,287,"puzzle,technical",0.028,0.485,0.585,0.437,2024-12-23 04:37:18.282884,1.0
e4fe0530-1fdb-4c8b-93bb-4ec36f765a13,Level 29,Player 9,easy,12.64,932,81,287,"platformer,speedrun",0.134,0.333,0.272,0.842,2024-12-23 04:37:18.282884,1.0
b28d0ce7-6ac8-4205-8fbe-3de26c82b029,Level 30,Player 10,normal,60.94,751,3,269,"puzzle,technical",0.165,0.608,0.81,0.421,2024-12-23 04:37:18.282884,1.0
a7d89e6f-fde3-46f3-8569-aba5b17d6981,Level 31,Player 1,hard,11.25,153,68,130,"platformer,speedrun",0.341,0.694,0.41,0.007,2024-12-23 04:37:18.282884,1.0
196c919f-b084-4956-923b-80e2d782df74,Level 32,Player 2,expert,76.6,736,88,159,"puzzle,technical",0.24,0.955,0.608,0.646,2024-12-23 04:37:18.282884,1.0
6e04bdad-d656-4264-842e-692774afea05,Level 33,Player 3,easy,96.49,230,63,153,"platformer,speedrun",0.534,0.566,0.534,0.826,2024-12-23 04:37:18.282884,1.0
f3eff663-45ab-4c23-91c9-6a1eb039c69b,Level 34,Player 4,normal,35.96,834,75,316,"puzzle,technical",0.973,0.999,0.908,0.178,2024-12-23 04:37:18.282884,1.0
29ced7e1-2398-4101-a3f8-3f4239dc35bf,Level 35,Player 5,hard,61.72,909,57,442,"platformer,speedrun",0.22,0.525,0.265,0.604,2024-12-23 04:37:18.282884,1.0
cba2513f-ae07-4cc0-880a-b32cb26c33d1,Level 36,Player 6,expert,76.52,708,28,200,"puzzle,technical",0.154,0.103,0.63,0.289,2024-12-23 04:37:18.282884,1.0
53586ef9-c218-4eb9-a913-e5a40d94a124,Level 37,Player 7,easy,27.68,240,87,154,"platformer,speedrun",0.756,0.301,0.929,0.443,2024-12-23 04:37:18.282884,1.0
2aac6c1e-edf2-4a51-9e8a-8e61dfa753e0,Level 38,Player 8,normal,5.81,633,92,28,"puzzle,technical",0.87,0.807,0.966,0.662,2024-12-23 04:37:18.282884,1.0
33476a03-13d8-4ed3-88ce-5e925078c54e,Level 39,Player 9,hard,53.55,935,83,147,"platformer,speedrun",0.518,0.399,0.291,0.262,2024-12-23 04:37:18.282884,1.0
0c56d82a-dac9-4b52-ad35-f023d5941efd,Level 40,Player 10,expert,79.58,682,10,397,"puzzle,technical",0.233,0.813,0.676,0.213,2024-12-23 04:37:18.282884,1.0
60956e5a-4fb3-4393-bb12-7ef27ad3fc49,Level 41,Player 1,easy,71.58,877,41,68,"platformer,speedrun",0.322,0.902,0.65,0.826,2024-12-23 04:37:18.282884,1.0
87436d79-d6ed-4b0f-8275-d6f091b9d210,Level 42,Player 2,normal,42.41,49,52,495,"puzzle,technical",0.702,0.02,0.702,0.817,2024-12-23 04:37:18.282884,1.0
bda315cb-d89b-4393-b0ae-01776843dcd7,Level 43,Player 3,hard,80.79,767,39,325,"platformer,speedrun",0.986,0.4,0.476,0.687,2024-12-23 04:37:18.282884,1.0
c80c2ca3-7535-4649-9aec-cdeff027780e,Level 44,Player 4,expert,73.33,58,81,248,"puzzle,technical",0.113,0.913,0.038,0.295,2024-12-23 04:37:18.282884,1.0
e7b60b27-00c6-4362-bf4d-cb4b11f89ed0,Level 45,Player 5,easy,79.9,911,50,421,"platformer,speedrun",0.69,0.91,0.433,0.572,2024-12-23 04:37:18.282884,1.0
fe36c56d-04d9-4386-b9ae-81bebfabe2e9,Level 46,Player 6,normal,47.11,861,3,341,"puzzle,technical",0.374,0.22,0.623,0.033,2024-12-23 04:37:18.282884,1.0
3e391d96-4617-4fd5-91ea-14066c5dab25,Level 47,Player 7,hard,6.02,661,70,215,"platformer,speedrun",0.874,0.243,0.978,0.84,2024-12-23 04:37:18.282884,1.0
1db34f55-d11b-485d-b0cf-ccebfa9ad343,Level 48,Player 8,expert,82.81,790,57,179,"puzzle,technical",0.753,0.289,0.284,0.333,2024-12-23 04:37:18.282884,1.0
7a962c87-a651-4339-8051-41e9b2f0828d,Level 49,Player 9,easy,57.24,290,30,232,"platformer,speedrun",0.325,0.31,0.361,0.549,2024-12-23 04:37:18.282884,1.0
300e2bc5-67cd-4fe0-b327-b6dea25f785f,Level 50,Player 10,normal,86.22,872,94,483,"puzzle,technical",0.2,0.74,0.744,0.957,2024-12-23 04:37:18.282884,1.0
a9e7de1d-59a4-4874-9720-ecc9bec17ed6,Level 51,Player 1,hard,65.64,725,58,43,"platformer,speedrun",0.838,0.789,0.925,0.644,2024-12-23 04:37:18.282884,1.0
379108e6-e656-4fc7-aee2-58e85088f9df,Level 52,Player 2,expert,5.74,257,29,133,"puzzle,technical",0.631,0.746,0.093,0.342,2024-12-23 04:37:18.282884,1.0
eb46420d-64e3-4671-8f3e-69a168deb581,Level 53,Player 3,easy,64.2,608,87,108,"platformer,speedrun",0.433,0.678,0.131,0.959,2024-12-23 04:37:18.282884,1.0
894d6bf6-1547-4738-a372-baadcb8f80a9,Level 54,Player 4,normal,27.8,812,20,219,"puzzle,technical",0.618,0.666,0.374,0.776,2024-12-23 04:37:18.282884,1.0
018a5141-436c-4095-8389-56e7718068e2,Level 55,Player 5,hard,93.07,327,94,467,"platformer,speedrun",0.103,0.498,0.553,0.442,2024-12-23 04:37:18.282884,1.0
aca7d2d8-6c05-4578-8129-14b2a513eeb8,Level 56,Player 6,expert,26.49,151,49,421,"puzzle,technical",0.361,0.761,0.718,0.708,2024-12-23 04:37:18.282884,1.0
84b986fb-6ab2-4001-9bc8-3759eeac0aca,Level 57,Player 7,easy,28.78,968,92,452,"platformer,speedrun",0.931,0.184,0.871,0.754,2024-12-23 04:37:18.282884,1.0
3bacb32c-a3e3-42a4-bc22-76f5f514a3a1,Level 58,Player 8,normal,29.81,665,17,486,"puzzle,technical",0.177,0.412,0.687,0.936,2024-12-23 04:37:18.282884,1.0
fecaaccb-2a93-49db-b3cf-ff4aefa18b22,Level 59,Player 9,hard,56.95,988,80,271,"platformer,speedrun",0.28,0.453,0.176,0.134,2024-12-23 04:37:18.282884,1.0
8ba4c4f4-05e7-4905-ab9f-39b6d3a014a0,Level 60,Player 10,expert,68.79,16,92,156,"puzzle,technical",0.062,0.749,0.388,0.137,2024-12-23 04:37:18.282884,1.0
64b48a5d-f9ba-4da1-808a-683876258a50,Level 61,Player 1,easy,63.16,708,88,302,"platformer,speedrun",0.674,0.099,0.457,0.62,2024-12-23 04:37:18.282884,1.0
fa8a43e2-5010-4675-805c-5035f700fab1,Level 62,Player 2,normal,21.01,57,37,257,"puzzle,technical",0.467,0.928,0.326,0.627,2024-12-23 04:37:18.282884,1.0
a1249dd4-cdfb-4ed6-9d93-65a1291a2159,Level 63,Player 3,hard,52.39,298,91,161,"platformer,speedrun",0.096,0.328,0.219,0.778,2024-12-23 04:37:18.282884,1.0
b9ed66e4-e719-4f37-b416-1d60e5d2cdd0,Level 64,Player 4,expert,50.75,822,88,65,"puzzle,technical",0.545,0.895,0.687,0.059,2024-12-23 04:37:18.282884,1.0
6981e4fd-a4ec-4185-8105-58c4a4765288,Level 65,Player 5,easy,97.52,315,69,431,"platformer,speedrun",0.347,0.136,0.536,0.926,2024-12-23 04:37:18.282884,1.0
b955efb5-cbaf-435d-9d2e-b46296aaefc5,Level 66,Player 6,normal,13.78,476,56,294,"puzzle,technical",0.948,0.759,0.192,0.836,2024-12-23 04:37:18.282884,1.0
3dfbf2d2-801e-432e-9da8-c65bb77a3b61,Level 67,Player 7,hard,51.64,179,72,320,"platformer,speedrun",0.04,0.605,0.449,0.826,2024-12-23 04:37:18.282884,1.0
fe48cfd8-3a67-4d3e-9e5b-89b565e282e2,Level 68,Player 8,expert,57.76,529,59,94,"puzzle,technical",0.261,0.936,0.124,0.892,2024-12-23 04:37:18.282884,1.0
f3fa6fd6-0081-49cd-94a2-07883a36ead1,Level 69,Player 9,easy,61.95,237,52,241,"platformer,speedrun",0.477,0.736,0.048,0.377,2024-12-23 04:37:18.282884,1.0
5610a422-a409-4772-8f4f-1780b35264e6,Level 70,Player 10,normal,42.21,389,88,439,"puzzle,technical",0.769,0.16,0.07,0.745,2024-12-23 04:37:18.282884,1.0
1f0f3827-101c-4d14-904a-196c8d293f45,Level 71,Player 1,hard,41.99,226,93,434,"platformer,speedrun",0.045,0.317,0.234,0.941,2024-12-23 04:37:18.282884,1.0
5ba2745d-c996-4807-ac0e-730251638b8b,Level 72,Player 2,expert,38.8,264,86,29,"puzzle,technical",0.486,0.646,0.466,0.385,2024-12-23 04:37:18.282884,1.0
cd0d0a63-dad6-4313-9a66-31d76adedb59,Level 73,Player 3,easy,29.42,270,88,352,"platformer,speedrun",0.529,0.828,0.415,0.87,2024-12-23 04:37:18.282884,1.0
a04875ae-5db7-4108-8a9d-64f6fa973149,Level 74,Player 4,normal,56.12,708,10,233,"puzzle,technical",0.313,0.34,0.944,0.052,2024-12-23 04:37:18.282884,1.0
860adda4-7114-476a-8d0d-2d9a2fdead0b,Level 75,Player 5,hard,31.6,348,85,258,"platformer,speedrun",0.153,0.73,0.433,0.222,2024-12-23 04:37:18.282884,1.0
54d75630-aaa9-4fef-aa99-6d8e3b3ff012,Level 76,Player 6,expert,52.7,472,48,350,"puzzle,technical",0.071,0.794,0.878,0.921,2024-12-23 04:37:18.282884,1.0
bfdce272-893f-4cc9-a30c-6d1cbc4d373f,Level 77,Player 7,easy,76.22,560,12,378,"platformer,speedrun",0.293,0.317,0.165,0.198,2024-12-23 04:37:18.282884,1.0
a36fb794-7745-4676-835b-ce9ec89e190a,Level 78,Player 8,normal,25.08,182,13,159,"puzzle,technical",0.752,0.649,0.462,0.352,2024-12-23 04:37:18.282884,1.0
1ad8aac1-cdaf-412a-910c-e176ff1883f1,Level 79,Player 9,hard,58.63,944,30,60,"platformer,speedrun",0.44,0.685,0.395,0.828,2024-12-23 04:37:18.282884,1.0
8c274fd3-04d4-403a-be6e-c4fb3d2e424c,Level 80,Player 10,expert,86.92,936,99,373,"puzzle,technical",0.332,0.399,0.738,0.964,2024-12-23 04:37:18.282884,1.0
8e9c638d-a517-44be-bb65-dde8849ce61d,Level 81,Player 1,easy,74.24,165,87,152,"platformer,speedrun",0.204,0.718,0.037,0.224,2024-12-23 04:37:18.282884,1.0
36007b48-9261-47ed-b2b0-44069fbbcf4c,Level 82,Player 2,normal,43.68,159,98,409,"puzzle,technical",0.954,0.682,0.461,0.404,2024-12-23 04:37:18.282884,1.0
5e99dead-ff1a-4326-8f3e-d91f2d06494e,Level 83,Player 3,hard,31.27,58,54,396,"platformer,speedrun",0.915,0.376,0.719,0.542,2024-12-23 04:37:18.282884,1.0
65769755-24b6-4819-bd9f-e1201182a11f,Level 84,Player 4,expert,89.31,406,17,318,"puzzle,technical",0.277,0.994,0.922,0.261,2024-12-23 04:37:18.282884,1.0
ebda441b-8811-4f05-806c-12451526aea2,Level 85,Player 5,easy,15.26,925,12,246,"platformer,speedrun",0.277,0.096,0.07,0.942,2024-12-23 04:37:18.282884,1.0
464ed8be-88c1-4edb-bb71-a99f9fcaea37,Level 86,Player 6,normal,30.55,287,86,199,"puzzle,technical",0.062,0.706,0.932,0.135,2024-12-23 04:37:18.282884,1.0
939d0ab4-09c5-45e8-ba57-94e41a0be2f5,Level 87,Player 7,hard,86.03,221,47,68,"platformer,speedrun",0.196,0.243,0.675,0.835,2024-12-23 04:37:18.282884,1.0
91f6d844-ef95-464e-af86-a8d3eb0eeb62,Level 88,Player 8,expert,60.11,678,43,160,"puzzle,technical",0.317,0.055,0.316,0.403,2024-12-23 04:37:18.282884,1.0
d9f3766e-58b0-42ed-b1c7-cc8c7c72163a,Level 89,Player 9,easy,67.11,732,84,38,"platformer,speedrun",0.996,0.016,0.265,0.444,2024-12-23 04:37:18.282884,1.0
10c41b07-77db-4aba-ac71-9a703f8340ff,Level 90,Player 10,normal,12.08,724,11,370,"puzzle,technical",0.344,0.17,0.502,0.484,2024-12-23 04:37:18.282884,1.0
fa439747-38cf-49d5-8211-9fc55c79f743,Level 91,Player 1,hard,64.12,410,75,200,"platformer,speedrun",0.138,0.192,0.979,0.576,2024-12-23 04:37:18.282884,1.0
0063dc14-cb16-4795-b789-6f7a5acc041e,Level 92,Player 2,expert,91.11,903,24,287,"puzzle,technical",0.957,0.111,0.551,0.693,2024-12-23 04:37:18.282884,1.0
0d95d2fb-eda8-40c5-aebb-ffdb9609dc8c,Level 93,Player 3,easy,58.63,554,30,156,"platformer,speedrun",0.035,0.262,0.836,0.121,2024-12-23 04:37:18.282884,1.0
39f5cc1c-516b-4326-a3e9-d02fdb6b9020,Level 94,Player 4,normal,49.72,445,37,103,"puzzle,technical",0.197,0.815,0.04,0.32,2024-12-23 04:37:18.282884,1.0
a6e2a8bd-833f-4c8a-8f8f-8761b57a27cc,Level 95,Player 5,hard,27.25,770,17,458,"platformer,speedrun",0.193,0.402,0.76,0.981,2024-12-23 04:37:18.282884,1.0
95f0b8c9-ed83-41ff-9dbe-5cba6ee767cb,Level 96,Player 6,expert,27.7,346,66,106,"puzzle,technical",0.926,0.501,0.027,0.106,2024-12-23 04:37:18.282884,1.0
ec948f8b-547f-48d2-bac6-7b08d787862e,Level 97,Player 7,easy,64.61,173,44,52,"platformer,speedrun",0.035,0.955,0.982,0.656,2024-12-23 04:37:18.282884,1.0
2bd5074a-d3fa-4e4a-91e4-b28490facbcf,Level 98,Player 8,normal,67.16,702,51,114,"puzzle,technical",0.014,0.836,0.685,0.071,2024-12-23 04:37:18.282884,1.0
934f112e-828d-4366-af92-4671b18bc0d8,Level 99,Player 9,hard,91.84,864,37,485,"platformer,speedrun",0.275,0.083,0.873,0.369,2024-12-23 04:37:18.282884,1.0
f47fcd0e-248a-4c15-8ace-d40244fe5193,Level 100,Player 10,expert,78.52,783,12,368,"puzzle,technical",0.294,0.687,0.377,0.564,2024-12-23 04:37:18.282884,1.0
3dd0e843-c587-4cba-b185-11dee78e5302,Level 101,Player 1,easy,27.0,485,67,66,"platformer,speedrun",0.235,0.238,0.701,0.71,2024-12-23 04:37:18.282884,1.0
b3ebe834-3cb8-4f26-9350-5da3ba5565be,Level 102,Player 2,normal,78.1,262,48,357,"puzzle,technical",0.432,0.968,0.209,0.699,2024-12-23 04:37:18.282884,1.0
69f60d95-e475-4927-88f9-5acf613c29f1,Level 103,Player 3,hard,41.76,626,34,251,"platformer,speedrun",0.463,0.647,0.23,0.304,2024-12-23 04:37:18.282884,1.0
a3c4d404-1892-4bc0-a8ad-c8b288228f0a,Level 104,Player 4,expert,12.65,101,31,444,"puzzle,technical",0.82,0.487,0.535,0.171,2024-12-23 04:37:18.282884,1.0
7b87b7e8-8991-4ef7-af49-cd603d74e0dd,Level 105,Player 5,easy,62.74,824,63,16,"platformer,speedrun",0.37,0.91,0.514,0.551,2024-12-23 04:37:18.282884,1.0
254c9be6-52d5-4b91-ac5d-b9e504482046,Level 106,Player 6,normal,54.72,893,64,443,"puzzle,technical",0.101,0.09,0.196,0.361,2024-12-23 04:37:18.282884,1.0
65797a03-7dc3-45a3-a7f7-6578cbd3ffab,Level 107,Player 7,hard,82.24,653,35,478,"platformer,speedrun",0.98,0.284,0.702,0.292,2024-12-23 04:37:18.282884,1.0
a8ef8a2b-1227-4d39-ba4a-ceda06a8e6e4,Level 108,Player 8,expert,52.13,243,21,302,"puzzle,technical",0.912,0.909,0.614,0.603,2024-12-23 04:37:18.282884,1.0
4dc8882f-7235-4147-ba54-982204e15c53,Level 109,Player 9,easy,44.03,624,80,158,"platformer,speedrun",0.059,0.271,0.024,0.303,2024-12-23 04:37:18.282884,1.0
ab0e17ae-d6cc-4392-a1ac-8f2762c9a80b,Level 110,Player 10,normal,66.92,810,97,131,"puzzle,technical",0.926,0.857,0.483,0.247,2024-12-23 04:37:18.282884,1.0
ab5c5b4f-ae58-4742-a11e-d1c66668101e,Level 111,Player 1,hard,93.94,947,12,217,"platformer,speedrun",0.939,0.988,0.5,0.817,2024-12-23 04:37:18.282884,1.0
5b169457-9ff0-4af6-9a6d-58ea833c803f,Level 112,Player 2,expert,41.32,102,63,187,"puzzle,technical",0.166,0.265,0.636,0.681,2024-12-23 04:37:18.282884,1.0
1673d1d7-ac04-43aa-a877-bb5a0455a01a,Level 113,Player 3,easy,71.72,71,63,178,"platformer,speedrun",0.613,0.596,0.169,0.589,2024-12-23 04:37:18.282884,1.0
23d9f447-778f-48ee-8def-9fc3c437f11c,Level 114,Player 4,normal,20.01,612,53,264,"puzzle,technical",0.544,0.495,0.646,0.224,2024-12-23 04:37:18.282884,1.0
8a3225b5-b6c3-43dd-933b-0eca53bc2298,Level 115,Player 5,hard,75.49,254,26,178,"platformer,speedrun",0.901,0.219,0.96,0.979,2024-12-23 04:37:18.282884,1.0
286a350b-2ec9-4873-aa60-a753ebc77653,Level 116,Player 6,expert,51.24,485,6,44,"puzzle,technical",0.067,0.138,0.811,0.183,2024-12-23 04:37:18.282884,1.0
f5b0cddd-3752-436e-a51d-938cba239536,Level 117,Player 7,easy,9.18,177,42,188,"platformer,speedrun",0.091,0.611,0.306,0.285,2024-12-23 04:37:18.282884,1.0
ea7b2aaa-746b-4236-a6d5-71e649fb3bc6,Level 118,Player 8,normal,51.87,102,74,465,"puzzle,technical",0.516,0.821,0.754,0.123,2024-12-23 04:37:18.282884,1.0
3ed24232-e7ea-49a3-b489-3508a5d6f628,Level 119,Player 9,hard,53.7,715,93,184,"platformer,speedrun",0.498,0.299,0.201,0.455,2024-12-23 04:37:18.282884,1.0
a9bd1f5c-9100-4b1c-9df8-5451e694a8ca,Level 120,Player 10,expert,70.25,376,29,161,"puzzle,technical",0.207,0.515,0.432,0.518,2024-12-23 04:37:18.282884,1.0
9096f9a9-a453-4974-a1a5-2d175289b8d6,Level 121,Player 1,easy,43.74,260,72,475,"platformer,speedrun",0.297,0.537,0.521,0.05,2024-12-23 04:37:18.282884,1.0
8d9d4ef3-f440-45b2-8efd-7fc71efe2b20,Level 122,Player 2,normal,57.24,777,50,100,"puzzle,technical",0.138,0.109,0.825,0.437,2024-12-23 04:37:18.282884,1.0
d7efb45e-3ef0-418e-83ed-3fe29a45fb4d,Level 123,Player 3,hard,69.93,88,46,86,"platformer,speedrun",0.11,0.055,0.958,0.427,2024-12-23 04:37:18.282884,1.0
14543af1-a3d5-48d4-b0ca-204c4901ede8,Level 124,Player 4,expert,90.2,69,29,249,"puzzle,technical",0.422,0.314,0.192,0.667,2024-12-23 04:37:18.282884,1.0
82556089-a80f-462c-a826-0a560bc0782e,Level 125,Player 5,easy,82.95,393,93,447,"platformer,speedrun",0.467,0.34,0.932,0.182,2024-12-23 04:37:18.282884,1.0
7d7d4e20-9d96-45e4-bcae-bc4b34d0160f,Level 126,Player 6,normal,25.25,801,56,151,"puzzle,technical",0.576,0.894,0.07,0.373,2024-12-23 04:37:18.282884,1.0
a13c3cd2-e5b7-48d4-b24d-707a0b6fcb6c,Level 127,Player 7,hard,79.79,845,32,397,"platformer,speedrun",0.236,0.363,0.993,0.451,2024-12-23 04:37:18.282884,1.0
bc30d7f9-0fa0-4108-bd75-bc87b8975411,Level 128,Player 8,expert,60.98,665,32,210,"puzzle,technical",0.981,0.376,0.709,0.647,2024-12-23 04:37:18.282884,1.0
cbf74508-52de-4c21-b3cc-9dd77e9be9d0,Level 129,Player 9,easy,43.8,386,83,350,"platformer,speedrun",0.86,0.995,0.445,0.765,2024-12-23 04:37:18.282884,1.0
507f39e2-b0e0-4b90-8877-3cf0247f5a89,Level 130,Player 10,normal,98.5,876,71,174,"puzzle,technical",0.56,0.246,0.58,0.125,2024-12-23 04:37:18.282884,1.0
2fc42ede-111c-4332-9695-6168f92eb9a8,Level 131,Player 1,hard,99.39,224,60,257,"platformer,speedrun",0.331,0.697,0.68,0.109,2024-12-23 04:37:18.282884,1.0
f0505b92-e490-478e-8bc2-179c6f41d3b4,Level 132,Player 2,expert,74.54,121,91,167,"puzzle,technical",0.127,0.713,0.051,0.437,2024-12-23 04:37:18.282884,1.0
b1b4ab69-0190-497c-a56e-9b41e5ff8f9f,Level 133,Player 3,easy,4.31,312,47,82,"platformer,speedrun",0.377,0.759,0.229,0.151,2024-12-23 04:37:18.282884,1.0
45535538-4654-4a92-8605-3162a9a7b315,Level 134,Player 4,normal,3.1,135,38,373,"puzzle,technical",0.527,0.662,0.65,0.741,2024-12-23 04:37:18.282884,1.0
9fe23552-56ca-41b2-adc4-65fdf4c3470c,Level 135,Player 5,hard,93.57,258,69,347,"platformer,speedrun",0.809,0.352,0.745,0.694,2024-12-23 04:37:18.282884,1.0
ddc18a8c-82f5-4dc2-8fff-5072a327345c,Level 136,Player 6,expert,55.01,897,7,427,"puzzle,technical",0.034,0.806,0.226,0.743,2024-12-23 04:37:18.282884,1.0
d6570e21-edc0-4759-8dbd-5ed8a93ffa84,Level 137,Player 7,easy,92.31,716,61,78,"platformer,speedrun",0.726,0.024,0.587,0.917,2024-12-23 04:37:18.282884,1.0
56b9cc0a-afdf-425f-85c0-d82a645a7800,Level 138,Player 8,normal,61.57,821,87,466,"puzzle,technical",0.233,0.435,0.201,0.684,2024-12-23 04:37:18.282884,1.0
13907064-3654-42e3-a487-8339b55eaa26,Level 139,Player 9,hard,46.35,907,88,294,"platformer,speedrun",0.721,0.294,0.344,0.692,2024-12-23 04:37:18.282884,1.0
dcaa47b3-ec0f-4d14-8837-a38631634847,Level 140,Player 10,expert,18.68,226,86,151,"puzzle,technical",0.267,0.152,0.866,0.829,2024-12-23 04:37:18.282884,1.0
460239a1-eda0-442b-a9d5-d4d8c4e30a23,Level 141,Player 1,easy,57.34,941,87,67,"platformer,speedrun",0.707,0.747,0.996,0.266,2024-12-23 04:37:18.282884,1.0
8a02ed4e-5cd8-439b-9899-2ba2090c9bf8,Level 142,Player 2,normal,25.78,483,21,358,"puzzle,technical",0.983,0.435,0.327,0.035,2024-12-23 04:37:18.282884,1.0
dd709589-8124-4e2a-92bc-74409f5483ea,Level 143,Player 3,hard,60.46,863,17,209,"platformer,speedrun",0.441,0.776,0.596,0.728,2024-12-23 04:37:18.282884,1.0
d53db971-e40f-464a-be64-35036ebfa094,Level 144,Player 4,expert,17.56,361,36,283,"puzzle,technical",0.519,0.981,0.832,0.353,2024-12-23 04:37:18.282884,1.0
907b91af-3a1f-4329-9f8d-e5edb230603a,Level 145,Player 5,easy,9.05,15,74,0,"platformer,speedrun",0.436,0.454,0.987,0.706,2024-12-23 04:37:18.282884,1.0
fcf0a7cb-db97-44c4-a9bd-d7e1019be920,Level 146,Player 6,normal,5.58,287,20,251,"puzzle,technical",0.628,0.321,0.839,0.353,2024-12-23 04:37:18.282884,1.0
a1c6dfee-f8be-4ba2-96e1-59ff51d88777,Level 147,Player 7,hard,33.62,225,83,384,"platformer,speedrun",0.797,0.895,0.277,0.74,2024-12-23 04:37:18.282884,1.0
b41de448-8d19-42a6-9cdc-5b677bd3f7bd,Level 148,Player 8,expert,95.34,747,88,371,"puzzle,technical",0.327,0.819,0.244,0.207,2024-12-23 04:37:18.282884,1.0
20d4a25d-a7f1-471c-bc39-793313cb0343,Level 149,Player 9,easy,29.27,901,58,221,"platformer,speedrun",0.378,0.271,0.21,1.0,2024-12-23 04:37:18.282884,1.0
c0bf710a-15ae-4177-89cf-dc4728833896,Level 150,Player 10,normal,37.82,38,7,55,"puzzle,technical",0.138,0.747,0.329,0.718,2024-12-23 04:37:18.282884,1.0
541d4dc5-b49b-45e4-a0d9-91f161208b08,Level 151,Player 1,hard,64.42,59,47,493,"platformer,speedrun",0.888,0.904,0.512,0.166,2024-12-23 04:37:18.282884,1.0
7c55290f-eda8-4142-9778-5b176b78ab4e,Level 152,Player 2,expert,72.1,765,9,50,"puzzle,technical",0.97,0.686,0.917,0.485,2024-12-23 04:37:18.282884,1.0
bd8d29a7-e903-43df-bbe9-0474d194073d,Level 153,Player 3,easy,49.05,615,59,453,"platformer,speedrun",0.772,0.567,0.639,0.693,2024-12-23 04:37:18.282884,1.0
5a0130dd-6228-48ac-9e97-4c193617e8f4,Level 154,Player 4,normal,7.83,591,74,91,"puzzle,technical",0.567,0.73,0.273,0.251,2024-12-23 04:37:18.282884,1.0
3904a68a-fe77-47eb-a167-01a56b22c276,Level 155,Player 5,hard,67.39,13,95,296,"platformer,speedrun",0.149,0.427,0.748,0.849,2024-12-23 04:37:18.282884,1.0
0ed21b8f-0368-44a4-95d7-cbe6c7827223,Level 156,Player 6,expert,51.21,102,12,96,"puzzle,technical",0.847,0.051,0.504,0.372,2024-12-23 04:37:18.282884,1.0
53d00e95-091a-4178-aee8-12a865f5c2e3,Level 157,Player 7,easy,11.25,276,42,352,"platformer,speedrun",0.075,0.97,0.671,0.308,2024-12-23 04:37:18.282884,1.0
dcb01be1-1e52-43a3-9b25-20709675da4a,Level 158,Player 8,normal,73.22,172,17,25,"puzzle,technical",0.584,0.697,0.831,0.471,2024-12-23 04:37:18.282884,1.0
46f8a471-949a-4295-afa5-e871ba7a5696,Level 159,Player 9,hard,67.35,467,80,30,"platformer,speedrun",0.304,0.548,0.692,0.684,2024-12-23 04:37:18.282884,1.0
d47ee184-6d59-45f4-ac0c-d3634dae915c,Level 160,Player 10,expert,28.22,661,30,154,"puzzle,technical",0.538,0.907,0.93,0.13,2024-12-23 04:37:18.282884,1.0
2d5cb882-4eea-435d-b7e6-cd15f7706a9c,Level 161,Player 1,easy,25.04,428,36,343,"platformer,speedrun",0.21,0.716,0.79,0.192,2024-12-23 04:37:18.282884,1.0
9ba21c54-f59c-4159-aea9-83f97723ea9f,Level 162,Player 2,normal,43.88,982,91,203,"puzzle,technical",0.555,0.948,0.85,0.791,2024-12-23 04:37:18.282884,1.0
df46f605-d565-4c68-9c44-6eb2bdf052a0,Level 163,Player 3,hard,44.41,51,79,464,"platformer,speedrun",0.913,0.902,0.033,0.901,2024-12-23 04:37:18.282884,1.0
fc1174ca-7c33-4216-94ff-e2a673f6958f,Level 164,Player 4,expert,16.43,787,25,159,"puzzle,technical",0.98,0.75,0.727,0.799,2024-12-23 04:37:18.282884,1.0
1921b1cb-fb51-4019-9a4d-ac0e30ddb631,Level 165,Player 5,easy,89.35,215,14,417,"platformer,speedrun",0.346,0.96,0.813,0.155,2024-12-23 04:37:18.282884,1.0
a470a825-4f78-4024-8428-119b5bc8c8b5,Level 166,Player 6,normal,8.09,702,57,380,"puzzle,technical",0.334,0.595,0.333,0.587,2024-12-23 04:37:18.282884,1.0
d3bd1c67-c7bd-4171-a260-679c3a6bf919,Level 167,Player 7,hard,49.05,124,6,111,"platformer,speedrun",0.805,0.645,0.5,0.821,2024-12-23 04:37:18.282884,1.0
00f7bd21-27f1-4a8b-bbc8-0feb3d56c593,Level 168,Player 8,expert,40.72,686,92,19,"puzzle,technical",0.467,0.655,0.95,0.341,2024-12-23 04:37:18.282884,1.0
bd17ac02-f410-4abd-b79b-d9fd71f6c906,Level 169,Player 9,easy,56.66,982,31,168,"platformer,speedrun",0.094,0.169,0.441,0.571,2024-12-23 04:37:18.282884,1.0
bc24b4ad-23ca-46b5-a9f4-bee3664a6d76,Level 170,Player 10,normal,33.07,221,79,180,"puzzle,technical",0.977,0.789,0.23,0.102,2024-12-23 04:37:18.282884,1.0
8504fd96-ff08-4397-b83e-98e09b6cbac4,Level 171,Player 1,hard,6.43,944,21,174,"platformer,speedrun",0.413,0.768,0.245,0.545,2024-12-23 04:37:18.282884,1.0
2055e058-27bb-4787-a624-0a166f99b46e,Level 172,Player 2,expert,28.17,700,26,168,"puzzle,technical",0.793,0.957,0.029,0.48,2024-12-23 04:37:18.282884,1.0
b53b5a53-b886-4d2b-93b7-005236d710c7,Level 173,Player 3,easy,70.06,420,20,320,"platformer,speedrun",0.226,0.069,0.374,0.714,2024-12-23 04:37:18.282884,1.0
83c01cc2-21da-47a2-a186-9b9ebab710d6,Level 174,Player 4,normal,54.11,273,66,256,"puzzle,technical",0.466,0.794,0.124,0.777,2024-12-23 04:37:18.282884,1.0
25d2e5d0-0300-436b-b17d-ce62c76436f4,Level 175,Player 5,hard,34.88,402,68,8,"platformer,speedrun",0.91,0.567,0.823,0.804,2024-12-23 04:37:18.282884,1.0
69ef1def-2628-4a76-91a4-de3a639f8ae2,Level 176,Player 6,expert,33.49,851,25,479,"puzzle,technical",0.627,0.099,0.062,0.414,2024-12-23 04:37:18.282884,1.0
c140abca-2ca2-4548-95c5-c30b1bbed3c5,Level 177,Player 7,easy,18.34,401,73,6,"platformer,speedrun",0.312,0.37,0.429,0.428,2024-12-23 04:37:18.282884,1.0
295346f6-6c39-4b8c-b7a6-9198a35b2482,Level 178,Player 8,normal,61.14,102,56,123,"puzzle,technical",0.344,0.94,0.578,0.647,2024-12-23 04:37:18.282884,1.0
0847d197-2406-4c49-a25a-2f92c53c81b5,Level 179,Player 9,hard,2.57,351,89,371,"platformer,speedrun",0.947,0.517,0.119,0.814,2024-12-23 04:37:18.282884,1.0
f082b875-4974-45d1-9b9c-6664046ad6d7,Level 180,Player 10,expert,73.79,516,87,268,"puzzle,technical",0.357,0.349,0.666,0.194,2024-12-23 04:37:18.282884,1.0
1f072756-8e56-4a5a-9add-c89b9feda622,Level 181,Player 1,easy,60.58,257,25,303,"platformer,speedrun",0.076,0.713,0.152,0.611,2024-12-23 04:37:18.282884,1.0
fecfd802-1e09-4384-8480-cd29d9f1a3ae,Level 182,Player 2,normal,59.89,498,6,433,"puzzle,technical",0.032,0.456,0.408,0.514,2024-12-23 04:37:18.282884,1.0
aee7b7b2-eff7-44a6-baa3-c99148026c91,Level 183,Player 3,hard,86.1,811,62,71,"platformer,speedrun",0.405,0.812,0.966,0.807,2024-12-23 04:37:18.282884,1.0
2f370baf-bfe8-4c42-9cac-b2a13318414b,Level 184,Player 4,expert,36.24,341,22,132,"puzzle,technical",0.062,0.227,0.695,0.831,2024-12-23 04:37:18.282884,1.0
11f01d5e-3e21-4bf5-b055-2c7d702b74c8,Level 185,Player 5,easy,58.83,328,48,290,"platformer,speedrun",0.269,0.697,0.639,0.175,2024-12-23 04:37:18.282884,1.0
82a683bd-f1bf-4e50-bd0f-f93ee99df485,Level 186,Player 6,normal,76.42,999,97,197,"puzzle,technical",0.934,0.603,0.951,0.511,2024-12-23 04:37:18.282884,1.0
decba12f-6e89-4b00-8d08-613237b19c36,Level 187,Player 7,hard,96.51,912,48,166,"platformer,speedrun",0.449,0.943,0.837,0.35,2024-12-23 04:37:18.282884,1.0
eb2b0be4-a94b-4530-9dab-35fce8a301c8,Level 188,Player 8,expert,48.4,699,10,231,"puzzle,technical",0.818,0.316,0.091,0.448,2024-12-23 04:37:18.282884,1.0
c666922c-718e-4213-b61b-606b875c5268,Level 189,Player 9,easy,62.89,518,51,21,"platformer,speedrun",0.831,0.958,0.041,0.004,2024-12-23 04:37:18.282884,1.0
ae20f6e6-7b53-43e5-9366-812505b39354,Level 190,Player 10,normal,63.82,472,75,312,"puzzle,technical",0.476,0.964,0.612,0.465,2024-12-23 04:37:18.282884,1.0
7b1ff24d-21d0-4691-96f3-a86c4d9278de,Level 191,Player 1,hard,69.9,760,54,369,"platformer,speedrun",0.489,0.832,0.574,0.472,2024-12-23 04:37:18.282884,1.0
bf7407bb-30ec-47d6-b013-bf98ebb8e05e,Level 192,Player 2,expert,28.03,934,52,496,"puzzle,technical",0.519,0.658,0.506,0.821,2024-12-23 04:37:18.282884,1.0
2fb6b64c-0080-4471-b36c-2199f6330a44,Level 193,Player 3,easy,64.05,426,25,401,"platformer,speedrun",0.819,0.257,0.734,0.894,2024-12-23 04:37:18.282884,1.0
4158e36a-7472-4865-8e4e-406c7d55369e,Level 194,Player 4,normal,73.15,572,56,468,"puzzle,technical",0.424,0.907,0.59,0.506,2024-12-23 04:37:18.282884,1.0
0da47742-a264-4b09-8e1a-506c70db6d33,Level 195,Player 5,hard,42.09,214,60,497,"platformer,speedrun",0.655,0.28,0.819,0.516,2024-12-23 04:37:18.282884,1.0
ed408568-16ee-4436-b181-83c7f4f51cd2,Level 196,Player 6,expert,77.78,64,24,104,"puzzle,technical",0.994,0.002,0.006,0.406,2024-12-23 04:37:18.282884,1.0
a8f559e5-e3e5-4995-aa1a-ba74327db8b7,Level 197,Player 7,easy,81.32,14,6,383,"platformer,speedrun",0.467,0.498,0.361,0.845,2024-12-23 04:37:18.282884,1.0
9a641e5c-4108-4898-849f-b66db75d5e23,Level 198,Player 8,normal,16.42,615,53,492,"puzzle,technical",0.896,0.287,0.857,0.507,2024-12-23 04:37:18.282884,1.0
204f727c-416d-488d-a7db-213a1e446d98,Level 199,Player 9,hard,63.85,475,16,328,"platformer,speedrun",0.628,0.787,0.816,0.121,2024-12-23 04:37:18.282884,1.0
31a289b1-2ebf-497d-ac56-dae48e61e570,Level 200,Player 10,expert,99.51,103,15,292,"puzzle,technical",0.506,0.455,0.166,0.367,2024-12-23 04:37:18.282884,1.0
e0ff07cd-a2f8-44d2-b0f2-5d14a71968a6,Level 201,Player 1,easy,23.77,132,83,16,"platformer,speedrun",0.758,0.806,0.775,0.229,2024-12-23 04:37:18.282884,1.0
0df8d979-9947-4984-a152-89922b0c6f5f,Level 202,Player 2,normal,33.41,776,83,248,"puzzle,technical",0.493,0.22,0.063,0.133,2024-12-23 04:37:18.282884,1.0
2593a9ae-c971-4dc5-a59f-a2c7c071c6b0,Level 203,Player 3,hard,44.79,411,79,1,"platformer,speedrun",0.169,0.686,0.075,0.554,2024-12-23 04:37:18.282884,1.0
63d6c12e-df83-4f54-a8cc-cf8d18795ee4,Level 204,Player 4,expert,4.3,19,52,257,"puzzle,technical",0.171,0.76,0.097,0.988,2024-12-23 04:37:18.282884,1.0
330c8753-a9e1-4f33-8ffd-60b0041eb1bf,Level 205,Player 5,easy,9.06,105,12,463,"platformer,speedrun",0.378,0.249,0.194,0.173,2024-12-23 04:37:18.282884,1.0
793b7033-7db6-4ee9-a9b9-e91d769a0763,Level 206,Player 6,normal,91.27,799,63,67,"puzzle,technical",0.142,0.858,0.387,0.267,2024-12-23 04:37:18.282884,1.0
fb488c41-656d-4e55-978a-e86dc1836b4d,Level 207,Player 7,hard,85.57,205,34,84,"platformer,speedrun",0.663,0.32,0.547,0.028,2024-12-23 04:37:18.282884,1.0
b26d4526-8440-4cd3-b41f-ab007667b096,Level 208,Player 8,expert,7.04,549,57,133,"puzzle,technical",0.854,0.221,0.843,0.168,2024-12-23 04:37:18.282884,1.0
9836722f-b0cf-4418-8448-5785ea4e6a45,Level 209,Player 9,easy,67.73,838,65,26,"platformer,speedrun",0.388,0.01,0.519,0.061,2024-12-23 04:37:18.282884,1.0
02f88f76-f979-49a0-9591-ada1740753ea,Level 210,Player 10,normal,63.06,26,61,479,"puzzle,technical",0.421,0.453,0.685,0.458,2024-12-23 04:37:18.282884,1.0
450d0233-cf16-4eff-8702-8eaa0d57e65b,Level 211,Player 1,hard,48.63,105,18,497,"platformer,speedrun",0.439,0.126,0.61,0.569,2024-12-23 04:37:18.282884,1.0
8de1b422-d2d5-489e-8d58-8b346f4b03dc,Level 212,Player 2,expert,86.29,40,75,447,"puzzle,technical",0.034,0.882,0.346,0.975,2024-12-23 04:37:18.282884,1.0
1930ca53-a8f8-499e-b9c9-34511707fdbe,Level 213,Player 3,easy,9.34,38,36,182,"platformer,speedrun",0.905,0.255,0.459,0.085,2024-12-23 04:37:18.282884,1.0
c83baf14-de31-42ba-beca-f82dd56bdfb0,Level 214,Player 4,normal,76.21,528,66,355,"puzzle,technical",0.36,0.761,0.921,0.629,2024-12-23 04:37:18.282884,1.0
47f0ed5d-3bc9-4fe2-b0a6-852668b30f22,Level 215,Player 5,hard,17.6,951,54,12,"platformer,speedrun",0.988,0.576,0.681,0.237,2024-12-23 04:37:18.282884,1.0
cba86e53-0f55-4651-997f-c3e30b31b3a1,Level 216,Player 6,expert,16.41,523,61,314,"puzzle,technical",0.65,0.045,0.797,0.246,2024-12-23 04:37:18.282884,1.0
72706af3-2305-44a2-94f9-803fda95977e,Level 217,Player 7,easy,98.13,551,68,266,"platformer,speedrun",0.218,0.541,0.473,0.894,2024-12-23 04:37:18.282884,1.0
b580097a-b6d3-465c-bac8-1f6b7bfa5781,Level 218,Player 8,normal,99.94,975,24,107,"puzzle,technical",0.276,0.8,0.79,0.584,2024-12-23 04:37:18.282884,1.0
74ea98c6-b230-45c4-acc2-a16ba862c3c8,Level 219,Player 9,hard,95.66,324,64,273,"platformer,speedrun",0.808,0.008,0.016,0.329,2024-12-23 04:37:18.282884,1.0
c2e5e6e8-aadf-493c-b653-330be3c440a9,Level 220,Player 10,expert,28.99,436,19,191,"puzzle,technical",0.082,0.907,0.49,0.758,2024-12-23 04:37:18.282884,1.0
88b7e190-fa00-426b-9af5-32ba6b850d60,Level 221,Player 1,easy,30.04,617,91,19,"platformer,speedrun",0.006,0.028,0.899,0.225,2024-12-23 04:37:18.282884,1.0
b9cb3529-bfed-4551-98ec-78ad087420b3,Level 222,Player 2,normal,62.18,87,95,25,"puzzle,technical",0.29,0.089,0.142,0.356,2024-12-23 04:37:18.282884,1.0
8908ee84-9969-49eb-9cf3-5c804c77e315,Level 223,Player 3,hard,73.54,108,93,377,"platformer,speedrun",0.303,0.188,0.801,0.984,2024-12-23 04:37:18.282884,1.0
bb5db7a0-2038-4404-847d-0edac0732dfc,Level 224,Player 4,expert,81.84,705,84,116,"puzzle,technical",0.492,0.031,0.091,0.959,2024-12-23 04:37:18.282884,1.0
d4c4089b-6f71-4601-9f36-cdf3b79cd06e,Level 225,Player 5,easy,29.81,748,41,407,"platformer,speedrun",0.125,0.916,0.216,0.46,2024-12-23 04:37:18.282884,1.0
6f1931ef-24f0-4bce-904d-3a5cbcbed135,Level 226,Player 6,normal,98.28,980,68,227,"puzzle,technical",0.034,0.987,0.256,0.122,2024-12-23 04:37:18.282884,1.0
158a8e3f-c066-4bc8-b83c-0a157bb62468,Level 227,Player 7,hard,33.78,407,47,428,"platformer,speedrun",0.855,0.745,0.43,0.53,2024-12-23 04:37:18.282884,1.0
ccc80e87-2224-4c57-ad84-3a362c27a5ba,Level 228,Player 8,expert,7.33,562,72,436,"puzzle,technical",0.142,0.794,0.88,0.324,2024-12-23 04:37:18.282884,1.0
7bbe7114-de73-495d-98e3-04112c96260c,Level 229,Player 9,easy,62.41,16,15,413,"platformer,speedrun",0.608,0.594,0.175,0.561,2024-12-23 04:37:18.282884,1.0
ed385fa4-91b9-4258-a396-b95cac364b6b,Level 230,Player 10,normal,20.65,71,59,145,"puzzle,technical",0.321,0.105,0.034,0.911,2024-12-23 04:37:18.282884,1.0
34eef7f4-77a1-453d-96de-e110aa2f645f,Level 231,Player 1,hard,93.8,473,4,270,"platformer,speedrun",0.767,0.322,0.688,0.904,2024-12-23 04:37:18.282884,1.0
a6b46649-9c76-4fb6-8f25-6bb1a513ad3e,Level 232,Player 2,expert,18.5,489,25,302,"puzzle,technical",0.157,0.887,0.387,0.497,2024-12-23 04:37:18.282884,1.0
250931e8-85a9-47bd-92b5-ce1e133c9b7f,Level 233,Player 3,easy,94.94,480,85,128,"platformer,speedrun",0.976,0.253,0.342,0.857,2024-12-23 04:37:18.282884,1.0
a11d2c29-9282-499a-9b9b-ec1f46115ccb,Level 234,Player 4,normal,95.61,700,32,415,"puzzle,technical",0.024,0.845,0.067,0.006,2024-12-23 04:37:18.282884,1.0
c1580d8e-ff2a-450c-82e8-94b56226660a,Level 235,Player 5,hard,56.55,32,63,194,"platformer,speedrun",0.173,0.798,0.53,0.703,2024-12-23 04:37:18.282884,1.0
d1402936-f3dc-443c-a4ba-443f72d2f792,Level 236,Player 6,expert,44.1,335,53,407,"puzzle,technical",0.513,0.227,0.934,0.104,2024-12-23 04:37:18.282884,1.0
9dab05bf-8edc-4c88-abef-7952b995c77b,Level 237,Player 7,easy,62.7,928,93,193,"platformer,speedrun",0.053,0.462,0.785,0.266,2024-12-23 04:37:18.282884,1.0
afc0aa6a-00e2-4e9e-9c27-96c38aba1611,Level 238,Player 8,normal,26.57,607,67,246,"puzzle,technical",0.628,0.396,0.446,0.149,2024-12-23 04:37:18.282884,1.0
7b86a327-f979-4dd8-9a05-a2b14c1a0913,Level 239,Player 9,hard,70.18,232,36,431,"platformer,speedrun",0.594,0.144,0.658,0.076,2024-12-23 04:37:18.282884,1.0
6633ed72-a669-4287-a13b-b42499aeef6d,Level 240,Player 10,expert,15.72,312,62,225,"puzzle,technical",0.663,0.453,0.657,0.16,2024-12-23 04:37:18.282884,1.0
099072ae-5df3-4d27-87e4-967f86995da0,Level 241,Player 1,easy,40.25,207,68,384,"platformer,speedrun",0.698,0.296,0.897,0.77,2024-12-23 04:37:18.282884,1.0
8ea66608-cec0-406e-a939-434aee82a1d2,Level 242,Player 2,normal,14.08,760,27,166,"puzzle,technical",0.341,0.174,0.554,0.882,2024-12-23 04:37:18.282884,1.0
af9ef3d9-92e8-4cb2-b749-11454961d9f5,Level 243,Player 3,hard,65.24,285,50,484,"platformer,speedrun",0.277,0.67,0.083,0.934,2024-12-23 04:37:18.282884,1.0
3c56b7a6-5221-4e93-a49c-d82c8d4371cb,Level 244,Player 4,expert,35.74,764,30,267,"puzzle,technical",0.701,0.789,0.556,0.589,2024-12-23 04:37:18.282884,1.0
7d97c81d-bac6-4e08-bb79-b09f1a517eb6,Level 245,Player 5,easy,57.25,220,65,419,"platformer,speedrun",0.467,0.354,0.024,0.74,2024-12-23 04:37:18.282884,1.0
3e4fa489-96f0-4e87-b330-690336ee4249,Level 246,Player 6,normal,27.47,541,78,181,"puzzle,technical",0.678,0.23,0.569,0.756,2024-12-23 04:37:18.282884,1.0
2526d584-143f-4134-8c7c-8ea1fd7ba63c,Level 247,Player 7,hard,57.48,849,22,138,"platformer,speedrun",0.377,0.234,0.118,0.905,2024-12-23 04:37:18.282884,1.0
111a3a42-a2a6-4ee8-8863-98c0a70ff8dd,Level 248,Player 8,expert,1.54,57,96,3,"puzzle,technical",0.469,0.601,0.162,0.607,2024-12-23 04:37:18.282884,1.0
a553bfc8-adc3-4658-ae44-82a68dd2e7ab,Level 249,Player 9,easy,20.67,741,23,236,"platformer,speedrun",0.011,0.321,0.934,0.622,2024-12-23 04:37:18.282884,1.0
d159718c-d609-473f-80c1-8bf224c4c165,Level 250,Player 10,normal,95.4,545,16,103,"puzzle,technical",0.631,0.579,0.149,0.426,2024-12-23 04:37:18.282884,1.0
882169a7-92c1-42a5-9cc5-70cc200899ce,Level 251,Player 1,hard,32.76,558,24,97,"platformer,speedrun",0.341,0.916,0.093,0.677,2024-12-23 04:37:18.282884,1.0
6335f48e-da79-41ff-a8ae-7217f8c5d9c9,Level 252,Player 2,expert,83.68,341,88,144,"puzzle,technical",0.885,0.998,0.216,0.574,2024-12-23 04:37:18.282884,1.0
8a1b097c-9f81-4e24-85ce-c9e16a765827,Level 253,Player 3,easy,17.71,325,3,230,"platformer,speedrun",0.544,0.366,0.48,0.239,2024-12-23 04:37:18.282884,1.0
8ba9eab9-0e77-45b3-b4eb-0e5601efde8f,Level 254,Player 4,normal,42.5,669,32,22,"puzzle,technical",0.84,0.785,0.914,0.195,2024-12-23 04:37:18.282884,1.0
6118e9fe-bb17-4e46-b034-2ff2f7f172cc,Level 255,Player 5,hard,56.96,438,47,161,"platformer,speedrun",0.039,0.085,0.377,0.005,2024-12-23 04:37:18.282884,1.0
91666edc-737c-4a86-8a26-5d6934911fd9,Level 256,Player 6,expert,28.05,559,61,297,"puzzle,technical",0.128,0.458,0.059,0.015,2024-12-23 04:37:18.282884,1.0
d70b9cd0-695d-4554-aa40-cec46ebd33cd,Level 257,Player 7,easy,69.29,818,67,214,"platformer,speedrun",0.348,0.576,0.096,0.154,2024-12-23 04:37:18.282884,1.0
45d76442-b1c4-49d3-88bd-9d1094726c57,Level 258,Player 8,normal,61.64,273,57,253,"puzzle,technical",0.649,0.56,0.992,0.793,2024-12-23 04:37:18.282884,1.0
7adef43b-fc90-4959-a426-244a17f698bb,Level 259,Player 9,hard,31.11,211,34,83,"platformer,speedrun",0.247,0.523,0.725,0.595,2024-12-23 04:37:18.282884,1.0
292499e0-1e2c-4b5f-87da-da0f97c2a31b,Level 260,Player 10,expert,96.54,265,97,291,"puzzle,technical",0.158,0.558,0.704,0.374,2024-12-23 04:37:18.282884,1.0
011de24a-f9fa-4f69-97b6-b87e008e6a5a,Level 261,Player 1,easy,30.53,80,53,236,"platformer,speedrun",0.782,0.762,0.008,0.375,2024-12-23 04:37:18.282884,1.0
9608a139-cbd6-43f3-905c-7c7366b6f866,Level 262,Player 2,normal,42.98,689,61,243,"puzzle,technical",0.762,0.157,0.75,0.97,2024-12-23 04:37:18.282884,1.0
f85648e6-0935-4507-9269-40432eb416d4,Level 263,Player 3,hard,42.89,53,22,79,"platformer,speedrun",0.75,0.133,0.86,0.806,2024-12-23 04:37:18.282884,1.0
ad62ac2c-0a7c-49b0-9af3-2af46f1c295c,Level 264,Player 4,expert,10.87,558,20,29,"puzzle,technical",0.892,0.577,0.507,0.019,2024-12-23 04:37:18.282884,1.0
fb320fdb-a02c-4c63-a9f0-a5f7f3504df1,Level 265,Player 5,easy,49.82,173,88,104,"platformer,speedrun",0.296,0.443,0.798,0.376,2024-12-23 04:37:18.282884,1.0
3a1a0f7e-fa0b-46e3-addd-d5925f71acb0,Level 266,Player 6,normal,83.15,927,37,120,"puzzle,technical",0.738,0.017,0.39,0.447,2024-12-23 04:37:18.282884,1.0
10f753ff-0aaf-4415-bf42-ccf255dc1e62,Level 267,Player 7,hard,10.67,471,11,264,"platformer,speedrun",0.766,0.757,0.701,0.106,2024-12-23 04:37:18.282884,1.0
61f12493-9ec2-47ef-8ff7-783a32626526,Level 268,Player 8,expert,78.96,756,4,157,"puzzle,technical",0.596,0.744,0.879,0.748,2024-12-23 04:37:18.282884,1.0
8085a561-8e5b-41ec-b218-576498261d24,Level 269,Player 9,easy,90.42,678,30,307,"platformer,speedrun",0.496,0.186,0.847,0.818,2024-12-23 04:37:18.282884,1.0
fb1174c0-da6e-4f08-8e40-7650fe3ae22f,Level 270,Player 10,normal,10.75,108,5,412,"puzzle,technical",0.353,0.439,0.675,0.941,2024-12-23 04:37:18.282884,1.0
8a5bc38d-eb74-46da-9058-3774df131a0c,Level 271,Player 1,hard,4.9,862,4,35,"platformer,speedrun",0.393,0.04,0.1,0.696,2024-12-23 04:37:18.282884,1.0
39bc17a5-c72d-4f26-9da2-c36eaf62a294,Level 272,Player 2,expert,73.86,702,50,119,"puzzle,technical",0.795,0.308,0.978,0.675,2024-12-23 04:37:18.282884,1.0
65ff9035-65db-46e7-80a0-614cbe9043f7,Level 273,Player 3,easy,68.92,313,58,429,"platformer,speedrun",0.503,0.489,0.465,0.034,2024-12-23 04:37:18.282884,1.0
04245a54-75bf-469a-850e-90cff26ab33c,Level 274,Player 4,normal,88.61,507,73,69,"puzzle,technical",0.725,0.935,0.359,0.223,2024-12-23 04:37:18.282884,1.0
2e98da11-bf3b-49c2-b1d8-e76f611b03f7,Level 275,Player 5,hard,91.04,439,23,101,"platformer,speedrun",0.553,0.731,0.886,0.883,2024-12-23 04:37:18.282884,1.0
a2f71fa4-3633-4a04-a416-2f0ac9190110,Level 276,Player 6,expert,28.43,41,87,310,"puzzle,technical",0.08,0.106,0.489,0.674,2024-12-23 04:37:18.282884,1.0
7260c791-0c43-45c9-b099-e9bf2596319a,Level 277,Player 7,easy,78.25,147,54,68,"platformer,speedrun",0.175,0.925,0.879,0.624,2024-12-23 04:37:18.282884,1.0
cd20182a-6779-43ff-9f60-541998a6d527,Level 278,Player 8,normal,34.01,925,69,48,"puzzle,technical",0.613,0.065,0.95,0.89,2024-12-23 04:37:18.282884,1.0
c4d48ac9-6452-42d2-8898-cb5848d33359,Level 279,Player 9,hard,77.79,143,58,481,"platformer,speedrun",0.291,0.029,0.559,0.969,2024-12-23 04:37:18.282884,1.0
7f4db9bc-ffb7-41b3-8d38-3472a1fbb09f,Level 280,Player 10,expert,12.17,880,33,333,"puzzle,technical",0.822,0.25,0.634,0.244,2024-12-23 04:37:18.282884,1.0
14253eed-a8e4-41e9-b454-8639feda4c77,Level 281,Player 1,easy,48.11,506,39,133,"platformer,speedrun",0.344,0.806,0.959,0.135,2024-12-23 04:37:18.282884,1.0
3653e34a-0a1e-43dd-9bdb-ca68c1628954,Level 282,Player 2,normal,49.39,558,30,492,"puzzle,technical",0.68,0.176,0.109,0.015,2024-12-23 04:37:18.282884,1.0
6bb3d8bc-c649-43c2-9ff4-18c514b9605f,Level 283,Player 3,hard,61.38,941,4,309,"platformer,speedrun",0.857,0.79,0.319,0.899,2024-12-23 04:37:18.282884,1.0
d3c4d731-7128-4679-906a-eb22a210386d,Level 284,Player 4,expert,19.95,724,69,76,"puzzle,technical",0.735,0.093,0.629,0.597,2024-12-23 04:37:18.282884,1.0
30bca286-3818-4abe-b029-a681134af8b2,Level 285,Player 5,easy,34.93,700,7,454,"platformer,speedrun",0.388,0.045,0.526,0.213,2024-12-23 04:37:18.282884,1.0
92804397-16cb-466a-a994-524b996c15b1,Level 286,Player 6,normal,50.68,589,20,252,"puzzle,technical",0.548,0.9,0.183,0.446,2024-12-23 04:37:18.282884,1.0
03be1aea-d7ce-43b0-a320-152144d51059,Level 287,Player 7,hard,99.51,396,33,46,"platformer,speedrun",0.811,0.783,0.267,0.828,2024-12-23 04:37:18.282884,1.0
e543ff23-07a3-49fa-bd09-649343aa8ad7,Level 288,Player 8,expert,82.74,297,96,430,"puzzle,technical",0.823,0.91,0.006,0.08,2024-12-23 04:37:18.282884,1.0
a4242034-07f4-4821-b030-11540a8cb021,Level 289,Player 9,easy,57.07,172,88,328,"platformer,speedrun",0.528,0.079,0.15,0.226,2024-12-23 04:37:18.282884,1.0
44421eef-f784-4278-a79b-165636f929e4,Level 290,Player 10,normal,36.58,488,67,80,"puzzle,technical",0.899,0.81,0.034,0.896,2024-12-23 04:37:18.282884,1.0
79c7077b-2ed0-4de9-858a-e85d721e731e,Level 291,Player 1,hard,61.7,418,57,290,"platformer,speedrun",0.476,0.298,0.248,0.439,2024-12-23 04:37:18.282884,1.0
ef91d34c-046a-453b-9f60-38a807dbaa41,Level 292,Player 2,expert,83.26,659,22,93,"puzzle,technical",0.243,0.203,0.64,0.003,2024-12-23 04:37:18.282884,1.0
3b98769a-957a-4c90-99de-19d4eb2f893b,Level 293,Player 3,easy,2.76,763,32,30,"platformer,speedrun",0.263,0.717,0.505,0.253,2024-12-23 04:37:18.282884,1.0
086b00f4-bf42-4909-b5ed-606c5a123fca,Level 294,Player 4,normal,91.54,240,65,429,"puzzle,technical",0.427,0.753,0.049,0.787,2024-12-23 04:37:18.282884,1.0
c4382b75-1fca-4cf8-8f34-7c6a0f79bccd,Level 295,Player 5,hard,39.67,459,18,61,"platformer,speedrun",0.515,0.745,0.356,0.564,2024-12-23 04:37:18.282884,1.0
4a91e3d5-27ab-4cb8-924e-88954ef0d661,Level 296,Player 6,expert,6.58,677,43,260,"puzzle,technical",0.118,0.478,0.616,0.69,2024-12-23 04:37:18.282884,1.0
fb57a02d-1ec7-44d4-9d90-a60f0376a9ef,Level 297,Player 7,easy,76.55,15,21,44,"platformer,speedrun",0.234,0.412,0.408,0.567,2024-12-23 04:37:18.282884,1.0
ae515280-2722-43f2-a297-a0b4680d91d1,Level 298,Player 8,normal,35.8,953,14,312,"puzzle,technical",0.875,0.177,0.536,0.439,2024-12-23 04:37:18.282884,1.0
76ebfb11-e964-4e00-99a4-b19c419953bb,Level 299,Player 9,hard,44.53,360,7,91,"platformer,speedrun",0.588,0.95,0.946,0.588,2024-12-23 04:37:18.282884,1.0
44c2d2ab-6760-4ca8-a3ac-8521cc708695,Level 300,Player 10,expert,46.68,664,87,206,"puzzle,technical",0.787,0.28,0.315,0.418,2024-12-23 04:37:18.282884,1.0
bc678176-ecb1-492c-ac01-6d4a7d5499e2,Level 301,Player 1,easy,80.04,808,66,369,"platformer,speedrun",0.83,0.835,0.166,0.387,2024-12-23 04:37:18.282884,1.0
46a90ded-8def-450b-92e2-2352d9f228b1,Level 302,Player 2,normal,17.45,135,36,450,"puzzle,technical",0.915,0.189,0.937,0.306,2024-12-23 04:37:18.282884,1.0
4dd36432-1a50-4651-8915-e2b1bec6a0dd,Level 303,Player 3,hard,98.81,820,23,171,"platformer,speedrun",0.272,0.466,0.14,0.068,2024-12-23 04:37:18.282884,1.0
20f8cfa0-2329-4c52-95df-5ec10c73ca01,Level 304,Player 4,expert,86.41,838,18,146,"puzzle,technical",0.719,0.042,0.324,0.599,2024-12-23 04:37:18.282884,1.0
8c2c281b-15b2-4293-a56c-c8191e8d4c21,Level 305,Player 5,easy,58.6,817,97,332,"platformer,speedrun",0.617,0.034,0.634,0.227,2024-12-23 04:37:18.282884,1.0
4610b52b-a8e5-43fa-af64-5632652c0e30,Level 306,Player 6,normal,24.72,339,59,8,"puzzle,technical",0.851,0.181,0.01,0.929,2024-12-23 04:37:18.282884,1.0
939c7cbd-85b9-48db-b304-c51913f938b2,Level 307,Player 7,hard,46.34,396,7,69,"platformer,speedrun",0.062,0.224,0.064,0.907,2024-12-23 04:37:18.282884,1.0
ba8fbe51-1b3b-4712-8b76-ea16e3c1f8f0,Level 308,Player 8,expert,50.42,784,93,71,"puzzle,technical",0.798,0.697,0.649,0.357,2024-12-23 04:37:18.282884,1.0
c7872a84-f220-4ddd-9c08-83718c2a27ec,Level 309,Player 9,easy,45.78,246,8,339,"platformer,speedrun",0.13,0.351,0.24,0.286,2024-12-23 04:37:18.282884,1.0
5a4e7da7-42e9-4673-b4ad-fb57bae49e99,Level 310,Player 10,normal,90.94,361,84,214,"puzzle,technical",0.795,0.583,0.868,0.613,2024-12-23 04:37:18.282884,1.0
90b35727-639f-42be-94e2-a7c7750f888c,Level 311,Player 1,hard,25.67,459,75,137,"platformer,speedrun",0.231,0.995,0.746,0.219,2024-12-23 04:37:18.282884,1.0
ab46e3a3-2a18-43ac-984f-26d8ab71f54e,Level 312,Player 2,expert,85.13,395,60,327,"puzzle,technical",0.581,0.771,0.491,0.547,2024-12-23 04:37:18.282884,1.0
b2fe30c9-0810-49ca-917f-4feb820a1933,Level 313,Player 3,easy,24.46,709,66,257,"platformer,speedrun",0.304,0.148,0.841,0.865,2024-12-23 04:37:18.282884,1.0
b4dcc7ef-6456-4bf1-b83a-ec78ffd000b9,Level 314,Player 4,normal,83.52,128,95,235,"puzzle,technical",0.515,0.231,0.699,0.319,2024-12-23 04:37:18.282884,1.0
57cfd637-fe43-48e1-ad18-9f4ff3eb59b6,Level 315,Player 5,hard,24.29,961,73,384,"platformer,speedrun",0.507,0.304,0.929,0.854,2024-12-23 04:37:18.282884,1.0
e2588487-4948-4102-b738-ed142ac81a2d,Level 316,Player 6,expert,20.28,184,56,217,"puzzle,technical",0.023,0.122,0.942,0.225,2024-12-23 04:37:18.282884,1.0
4c48578d-0f90-418e-8566-319acd0bcab4,Level 317,Player 7,easy,63.16,803,48,405,"platformer,speedrun",0.112,0.789,0.551,0.771,2024-12-23 04:37:18.282884,1.0
145948cd-20cf-4cbf-b9a0-15d43008edbb,Level 318,Player 8,normal,46.68,164,96,437,"puzzle,technical",0.326,0.641,0.197,0.856,2024-12-23 04:37:18.282884,1.0
1759144d-6279-4b04-a94c-da9f87bb025f,Level 319,Player 9,hard,4.05,420,9,14,"platformer,speedrun",0.495,0.87,0.157,0.896,2024-12-23 04:37:18.282884,1.0
335cf7f4-dad8-41e2-9552-7b23723de2d1,Level 320,Player 10,expert,8.61,691,51,150,"puzzle,technical",0.27,0.744,0.265,0.47,2024-12-23 04:37:18.282884,1.0
d35f6d6e-1b4e-4afa-ad6c-ca3e9e686a34,Level 321,Player 1,easy,56.98,852,16,436,"platformer,speedrun",0.637,0.05,0.939,0.635,2024-12-23 04:37:18.282884,1.0
73534309-ccd3-4d0e-9c1b-502ae339745d,Level 322,Player 2,normal,62.22,431,58,25,"puzzle,technical",0.984,0.153,0.888,0.898,2024-12-23 04:37:18.282884,1.0
5872fa1c-e00d-49c2-9e94-0a66400ebb66,Level 323,Player 3,hard,5.82,85,39,221,"platformer,speedrun",0.175,0.076,0.793,0.076,2024-12-23 04:37:18.282884,1.0
0cd104e9-e22b-409a-a00c-ba057bc253e6,Level 324,Player 4,expert,61.61,720,70,396,"puzzle,technical",0.26,0.155,0.089,0.538,2024-12-23 04:37:18.282884,1.0
155f26d1-1510-4a70-b4c5-4dff9dce3078,Level 325,Player 5,easy,75.24,852,79,34,"platformer,speedrun",0.412,0.361,0.515,0.304,2024-12-23 04:37:18.282884,1.0
f2995a4c-c0c2-4d22-90cb-5b2403a8bd49,Level 326,Player 6,normal,40.56,30,41,170,"puzzle,technical",0.016,0.91,0.738,0.897,2024-12-23 04:37:18.282884,1.0
18a83929-fd24-48bf-be23-24dbf33d7335,Level 327,Player 7,hard,33.63,62,92,223,"platformer,speedrun",0.649,0.567,0.57,0.581,2024-12-23 04:37:18.282884,1.0
81a2ad29-8db3-457b-b1aa-0d03c50666e7,Level 328,Player 8,expert,17.14,638,40,366,"puzzle,technical",0.97,0.415,0.627,0.315,2024-12-23 04:37:18.282884,1.0
9cb96e69-5f7c-4439-9330-b05da90eeeca,Level 329,Player 9,easy,59.96,90,9,462,"platformer,speedrun",0.395,0.195,0.133,0.704,2024-12-23 04:37:18.282884,1.0
8189643f-4505-4fc2-a80d-9d64f4a2b8f6,Level 330,Player 10,normal,96.55,856,27,373,"puzzle,technical",0.652,0.597,0.577,0.654,2024-12-23 04:37:18.282884,1.0
07325658-b242-44fe-a2e0-204d14cd7ffc,Level 331,Player 1,hard,53.22,868,8,328,"platformer,speedrun",0.313,0.437,0.209,0.066,2024-12-23 04:37:18.282884,1.0
0305a5b0-3406-4967-85cb-0f9c3ec6c543,Level 332,Player 2,expert,0.46,343,67,154,"puzzle,technical",0.39,0.204,0.264,0.971,2024-12-23 04:37:18.282884,1.0
834aae83-0428-4bb3-924a-65d40151605b,Level 333,Player 3,easy,55.52,345,50,2,"platformer,speedrun",0.474,0.507,0.925,0.877,2024-12-23 04:37:18.282884,1.0
a0e5c876-295a-423c-a756-2d12b5066911,Level 334,Player 4,normal,60.37,403,1,316,"puzzle,technical",0.433,0.094,0.431,0.585,2024-12-23 04:37:18.282884,1.0
8ad1b2f5-b14e-45f3-b5e7-8b8164417117,Level 335,Player 5,hard,91.79,753,38,94,"platformer,speedrun",0.824,0.257,0.302,0.011,2024-12-23 04:37:18.282884,1.0
19ff158c-95da-4d99-9445-a6303228b409,Level 336,Player 6,expert,16.17,544,62,460,"puzzle,technical",0.469,0.537,0.854,0.864,2024-12-23 04:37:18.282884,1.0
335ef312-8558-460b-9769-15df41dfbef4,Level 337,Player 7,easy,45.91,906,11,440,"platformer,speedrun",0.494,0.658,0.926,0.631,2024-12-23 04:37:18.282884,1.0
c9f28233-9d15-4b1a-a576-e3ad5b61b52d,Level 338,Player 8,normal,7.35,447,70,393,"puzzle,technical",0.188,0.482,0.515,0.863,2024-12-23 04:37:18.282884,1.0
4a7c2dce-f161-4af0-9d4c-cfad16138268,Level 339,Player 9,hard,78.45,911,55,150,"platformer,speedrun",0.047,0.074,0.629,0.997,2024-12-23 04:37:18.282884,1.0
b0c41524-dbb7-4c6a-982f-dfafc3efcda0,Level 340,Player 10,expert,34.73,265,86,409,"puzzle,technical",0.066,0.247,0.452,0.063,2024-12-23 04:37:18.282884,1.0
c09e0f0c-d576-4816-b85d-eb3aa5eaa124,Level 341,Player 1,easy,67.33,800,86,68,"platformer,speedrun",0.375,0.067,0.853,0.574,2024-12-23 04:37:18.282884,1.0
3356c8f6-717c-4024-87c3-9ee80b65ffae,Level 342,Player 2,normal,19.27,848,74,48,"puzzle,technical",0.684,0.34,0.215,0.308,2024-12-23 04:37:18.282884,1.0
48b54770-6695-4b88-8001-9baf3d271120,Level 343,Player 3,hard,69.38,270,92,17,"platformer,speedrun",0.663,0.37,0.516,0.22,2024-12-23 04:37:18.282884,1.0
ff402ca3-ed95-4d7b-ae5a-ac59863d4ffc,Level 344,Player 4,expert,25.07,703,5,251,"puzzle,technical",0.264,0.138,0.637,0.719,2024-12-23 04:37:18.282884,1.0
aa82009d-7ffc-405e-9ce3-039909643f1d,Level 345,Player 5,easy,1.17,506,22,77,"platformer,speedrun",0.341,0.845,0.029,0.499,2024-12-23 04:37:18.282884,1.0
1f64104a-0fc5-44c3-aa13-bd530777636a,Level 346,Player 6,normal,85.53,366,81,280,"puzzle,technical",0.797,0.384,0.988,0.105,2024-12-23 04:37:18.282884,1.0
3fc84710-aa85-457b-8cf6-3f201af0c565,Level 347,Player 7,hard,46.87,865,16,415,"platformer,speedrun",0.06,0.175,0.455,0.654,2024-12-23 04:37:18.282884,1.0
57656d90-808c-4756-9f0a-92e4cb6179c7,Level 348,Player 8,expert,39.27,369,95,72,"puzzle,technical",0.899,0.092,0.996,0.621,2024-12-23 04:37:18.282884,1.0
6036244a-50a0-4f42-9670-5a414b7c7386,Level 349,Player 9,easy,60.82,567,20,350,"platformer,speedrun",0.445,0.548,0.913,0.892,2024-12-23 04:37:18.282884,1.0
c69ec2da-ef5a-4cd2-a323-23a58f676312,Level 350,Player 10,normal,92.87,216,89,173,"puzzle,technical",0.395,0.872,0.126,0.326,2024-12-23 04:37:18.282884,1.0
a6158948-9bfd-40d9-b9f4-b806b1288537,Level 351,Player 1,hard,60.15,750,90,138,"platformer,speedrun",0.035,0.762,0.311,0.521,2024-12-23 04:37:18.282884,1.0
355f06c8-aaad-4e0a-82b5-45a85704ee19,Level 352,Player 2,expert,42.87,507,3,422,"puzzle,technical",0.584,0.385,0.096,0.982,2024-12-23 04:37:18.282884,1.0
e663133e-a3b9-4b16-bc2b-6a056ef581a4,Level 353,Player 3,easy,48.33,887,63,205,"platformer,speedrun",0.758,0.613,0.848,0.136,2024-12-23 04:37:18.282884,1.0
d0ff7c8d-b364-45f7-bcae-9ea39111ebd8,Level 354,Player 4,normal,5.01,78,16,258,"puzzle,technical",0.211,0.399,0.991,0.126,2024-12-23 04:37:18.282884,1.0
4399e252-8fb8-40e1-bfa6-9e2e716964e1,Level 355,Player 5,hard,82.66,733,67,285,"platformer,speedrun",0.205,0.453,0.945,0.967,2024-12-23 04:37:18.282884,1.0
13aa14ca-6754-4b4c-8644-458bcec9430e,Level 356,Player 6,expert,88.29,198,19,119,"puzzle,technical",0.196,0.922,0.926,0.575,2024-12-23 04:37:18.282884,1.0
15479d44-8d4b-4978-bee4-8ea4d70571cd,Level 357,Player 7,easy,45.36,985,46,291,"platformer,speedrun",0.53,0.341,0.837,0.573,2024-12-23 04:37:18.282884,1.0
930a0043-cf68-4319-a273-3166a52bb2c1,Level 358,Player 8,normal,79.9,845,36,336,"puzzle,technical",0.996,0.68,0.852,0.097,2024-12-23 04:37:18.282884,1.0
e937362b-f4b8-4b07-8c07-e19379f096e6,Level 359,Player 9,hard,65.04,283,18,90,"platformer,speedrun",0.46,0.746,0.603,0.219,2024-12-23 04:37:18.282884,1.0
30c67459-01b4-4d0e-b394-591650909247,Level 360,Player 10,expert,81.73,741,65,295,"puzzle,technical",0.284,0.252,0.964,0.926,2024-12-23 04:37:18.282884,1.0
b2de3560-aa1e-435e-9a0d-715cbd3c9f30,Level 361,Player 1,easy,62.53,696,82,85,"platformer,speedrun",0.139,0.634,0.359,0.971,2024-12-23 04:37:18.282884,1.0
bd3e3a53-860e-4e0c-b55a-dad90fbbd68b,Level 362,Player 2,normal,66.77,791,90,382,"puzzle,technical",0.387,0.715,0.697,0.19,2024-12-23 04:37:18.282884,1.0
4f8b7a19-d127-48b5-a993-1614ff7f4e0c,Level 363,Player 3,hard,98.53,404,66,370,"platformer,speedrun",0.846,0.859,0.545,0.418,2024-12-23 04:37:18.282884,1.0
f7921428-aba5-4315-bc12-54f92d4d6b0f,Level 364,Player 4,expert,0.41,199,52,458,"puzzle,technical",0.925,0.515,0.034,0.47,2024-12-23 04:37:18.282884,1.0
d7c61078-f212-471c-ac07-33a3aaff867c,Level 365,Player 5,easy,16.55,171,56,212,"platformer,speedrun",0.5,0.045,0.886,0.869,2024-12-23 04:37:18.282884,1.0
50ea2911-6f50-4cea-a0d2-dd321792b795,Level 366,Player 6,normal,13.12,256,61,38,"puzzle,technical",0.739,0.381,0.91,0.463,2024-12-23 04:37:18.282884,1.0
2ce98735-f477-45ab-a55b-ac16aba8a200,Level 367,Player 7,hard,59.64,87,79,38,"platformer,speedrun",0.089,0.818,0.017,0.874,2024-12-23 04:37:18.282884,1.0
ae522f96-349d-4ee5-9b74-876ad59031b8,Level 368,Player 8,expert,9.6,339,76,189,"puzzle,technical",0.901,0.935,0.678,0.684,2024-12-23 04:37:18.282884,1.0
23fabb4f-abc0-43aa-83c5-a27031a54b86,Level 369,Player 9,easy,61.0,403,29,177,"platformer,speedrun",0.233,0.852,0.254,0.75,2024-12-23 04:37:18.282884,1.0
5461feb6-e555-4bbe-b662-46bbd1484948,Level 370,Player 10,normal,99.18,638,39,125,"puzzle,technical",0.266,0.849,0.517,0.969,2024-12-23 04:37:18.282884,1.0
aa635cd0-6394-4608-8ea2-0936fe2686ce,Level 371,Player 1,hard,2.77,675,70,236,"platformer,speedrun",0.944,0.735,0.493,0.173,2024-12-23 04:37:18.282884,1.0
cb8299b7-df7c-4a70-924c-cd9485f1a142,Level 372,Player 2,expert,3.94,64,74,125,"puzzle,technical",0.722,0.007,0.842,0.124,2024-12-23 04:37:18.282884,1.0
e992ee97-d08d-4616-ac70-6b3c5db187dc,Level 373,Player 3,easy,52.05,437,1,169,"platformer,speedrun",0.639,0.98,0.129,0.245,2024-12-23 04:37:18.282884,1.0
424cef8a-28e9-4f6b-8898-f0b923c2a593,Level 374,Player 4,normal,12.59,478,91,448,"puzzle,technical",0.334,0.306,0.057,0.396,2024-12-23 04:37:18.282884,1.0
c6a58872-5165-4687-8317-4a7eee1e8d68,Level 375,Player 5,hard,69.25,353,93,458,"platformer,speedrun",0.555,0.679,0.476,0.911,2024-12-23 04:37:18.282884,1.0
40488168-3967-41fe-ac38-87759bfd0412,Level 376,Player 6,expert,56.04,73,95,342,"puzzle,technical",0.899,0.44,0.64,0.848,2024-12-23 04:37:18.282884,1.0
3123cfc1-7268-4e43-b796-89a7af991f67,Level 377,Player 7,easy,56.17,83,89,268,"platformer,speedrun",0.605,0.112,0.932,0.235,2024-12-23 04:37:18.282884,1.0
5fd1afe4-81cf-459d-a4b6-c44694d02390,Level 378,Player 8,normal,36.69,267,85,327,"puzzle,technical",0.072,0.343,0.395,0.192,2024-12-23 04:37:18.282884,1.0
33b84016-0a4e-43a9-b275-2aa7bf37a33f,Level 379,Player 9,hard,46.0,853,20,378,"platformer,speedrun",0.111,0.943,0.242,0.205,2024-12-23 04:37:18.282884,1.0
e9f08b25-d335-49e1-a793-216b2c1a7865,Level 380,Player 10,expert,86.73,76,6,218,"puzzle,technical",0.851,0.263,0.327,0.603,2024-12-23 04:37:18.282884,1.0
65ad2e50-a992-4d5b-bdd7-6fca65fcb3a6,Level 381,Player 1,easy,12.73,883,59,361,"platformer,speedrun",0.371,0.481,0.494,0.24,2024-12-23 04:37:18.282884,1.0
62a03cef-d512-4e79-a66f-2ceb28c15760,Level 382,Player 2,normal,20.51,206,85,333,"puzzle,technical",0.598,0.882,0.418,0.929,2024-12-23 04:37:18.282884,1.0
db1101de-1695-4cdd-8d21-8195e1fa07ea,Level 383,Player 3,hard,50.44,94,7,48,"platformer,speedrun",0.157,0.488,0.755,0.007,2024-12-23 04:37:18.282884,1.0
1d81c719-c3a2-4916-9bf6-c4ad2371eb68,Level 384,Player 4,expert,63.16,452,5,454,"puzzle,technical",0.467,0.79,0.349,0.076,2024-12-23 04:37:18.282884,1.0
32c1ba43-668b-4dba-b0aa-95ee47a95308,Level 385,Player 5,easy,31.88,761,39,131,"platformer,speedrun",0.022,0.449,0.643,0.038,2024-12-23 04:37:18.282884,1.0
93285b07-d66f-49db-b443-599aefaf031e,Level 386,Player 6,normal,74.88,524,7,268,"puzzle,technical",0.118,0.005,0.712,0.294,2024-12-23 04:37:18.282884,1.0
f64e54aa-0d70-4de9-b4ea-379a4046f4b3,Level 387,Player 7,hard,8.5,37,40,83,"platformer,speedrun",0.942,0.235,0.501,0.001,2024-12-23 04:37:18.282884,1.0
dc4dd674-b69e-4a77-9370-517a09cf693c,Level 388,Player 8,expert,88.33,406,50,124,"puzzle,technical",0.039,0.988,0.518,0.961,2024-12-23 04:37:18.282884,1.0
86527ef9-1d56-474a-90a9-2fa5981e3f9e,Level 389,Player 9,easy,75.67,479,58,378,"platformer,speedrun",0.894,0.038,0.015,0.506,2024-12-23 04:37:18.282884,1.0
d29187de-50e9-4268-b1f6-793645c91f28,Level 390,Player 10,normal,7.18,628,24,303,"puzzle,technical",0.965,0.472,0.164,0.924,2024-12-23 04:37:18.282884,1.0
c500a1c1-1b1d-4dc8-b36c-09b0b46f277e,Level 391,Player 1,hard,89.39,824,76,106,"platformer,speedrun",0.881,0.505,0.946,0.897,2024-12-23 04:37:18.282884,1.0
e60611cb-d66e-4b97-93b4-bd7614d6f1e2,Level 392,Player 2,expert,88.96,52,78,128,"puzzle,technical",0.593,0.0,0.155,0.841,2024-12-23 04:37:18.282884,1.0
34f047d5-e827-45aa-94c1-346f9883163c,Level 393,Player 3,easy,13.95,512,53,341,"platformer,speedrun",0.022,0.804,0.863,0.186,2024-12-23 04:37:18.282884,1.0
40a0f51b-66a6-4a81-8d21-55fd14a9d175,Level 394,Player 4,normal,84.34,180,27,434,"puzzle,technical",0.79,0.243,0.485,0.756,2024-12-23 04:37:18.282884,1.0
170d433f-ab42-4ad8-b30e-39491bc0ff56,Level 395,Player 5,hard,85.59,71,85,290,"platformer,speedrun",0.39,0.964,0.638,0.886,2024-12-23 04:37:18.282884,1.0
ebd3a657-bb65-409d-bd8a-7432f855f4d6,Level 396,Player 6,expert,84.41,27,45,90,"puzzle,technical",0.929,0.654,0.396,0.386,2024-12-23 04:37:18.282884,1.0
4c20a399-024b-4a84-885a-dfa73386509a,Level 397,Player 7,easy,72.23,498,16,158,"platformer,speedrun",0.777,0.019,0.369,0.127,2024-12-23 04:37:18.282884,1.0
9ab7ee66-68f6-4e5d-a72c-6b6cc11297d7,Level 398,Player 8,normal,87.01,791,1,254,"puzzle,technical",0.759,0.072,0.082,0.366,2024-12-23 04:37:18.282884,1.0
22494912-fa2d-49ae-a679-5fece8e7ca15,Level 399,Player 9,hard,42.7,452,84,35,"platformer,speedrun",0.192,0.005,0.439,0.77,2024-12-23 04:37:18.282884,1.0
d8501c5d-85b7-45fc-918a-fca6f860edc4,Level 400,Player 10,expert,23.91,206,81,185,"puzzle,technical",0.771,0.458,0.779,0.241,2024-12-23 04:37:18.282884,1.0
527747d3-fe40-405a-ac97-6515fd2ac9ff,Level 401,Player 1,easy,93.33,113,85,107,"platformer,speedrun",0.044,0.103,0.482,0.877,2024-12-23 04:37:18.282884,1.0
4bc23185-e115-4644-a927-953e8c4dea64,Level 402,Player 2,normal,37.88,208,90,187,"puzzle,technical",0.142,0.366,0.247,0.931,2024-12-23 04:37:18.282884,1.0
3c22f00c-e0fa-4846-b105-137ef2d37e87,Level 403,Player 3,hard,96.96,692,74,283,"platformer,speedrun",0.942,0.554,0.652,0.399,2024-12-23 04:37:18.282884,1.0
f3169775-fe77-4c90-afe3-c34d5ada707e,Level 404,Player 4,expert,19.16,863,13,59,"puzzle,technical",0.13,0.165,0.017,0.457,2024-12-23 04:37:18.282884,1.0
987a0495-3783-4a41-88d2-df50453f9d92,Level 405,Player 5,easy,21.53,694,26,12,"platformer,speedrun",0.579,0.458,0.566,0.573,2024-12-23 04:37:18.282884,1.0
0eb85ea5-a022-4cb3-a359-26c372db428f,Level 406,Player 6,normal,38.25,123,67,457,"puzzle,technical",0.829,0.705,0.947,0.911,2024-12-23 04:37:18.282884,1.0
70c22e22-21fc-45da-bd4f-521a67518777,Level 407,Player 7,hard,5.19,147,80,496,"platformer,speedrun",0.085,0.334,0.052,0.868,2024-12-23 04:37:18.282884,1.0
8d01945b-049a-4758-8908-c4d5645b3ba2,Level 408,Player 8,expert,28.72,78,34,101,"puzzle,technical",0.06,0.746,0.184,0.581,2024-12-23 04:37:18.282884,1.0
264fd1d3-7236-4e69-b3c3-13d4a83f198b,Level 409,Player 9,easy,41.55,566,14,151,"platformer,speedrun",0.681,0.172,0.158,0.142,2024-12-23 04:37:18.282884,1.0
ec0437c5-fba1-429b-a9a7-9d0980a828ae,Level 410,Player 10,normal,90.65,153,32,138,"puzzle,technical",0.489,0.283,0.123,0.166,2024-12-23 04:37:18.282884,1.0
9814e20c-6e78-4b81-b77e-304f1b4e0f8a,Level 411,Player 1,hard,39.13,698,56,197,"platformer,speedrun",0.035,0.234,0.215,0.265,2024-12-23 04:37:18.282884,1.0
a5b92c98-7302-472b-abcd-e0fdb738c168,Level 412,Player 2,expert,56.18,890,2,131,"puzzle,technical",0.605,0.067,0.164,0.4,2024-12-23 04:37:18.282884,1.0
ce0f4dd1-5526-4345-8c20-f8aabc5ac004,Level 413,Player 3,easy,86.22,714,93,210,"platformer,speedrun",0.595,0.147,0.595,0.816,2024-12-23 04:37:18.282884,1.0
586df961-6866-4953-bd1d-6371133ec13d,Level 414,Player 4,normal,47.72,511,44,157,"puzzle,technical",0.064,0.478,0.989,0.283,2024-12-23 04:37:18.282884,1.0
29af8b2f-1a51-4b88-b150-4847c0e42060,Level 415,Player 5,hard,76.72,868,34,440,"platformer,speedrun",0.038,0.964,0.306,0.214,2024-12-23 04:37:18.282884,1.0
f517fa23-8c95-437e-a446-91cb351c2e0f,Level 416,Player 6,expert,36.89,100,66,179,"puzzle,technical",0.316,0.105,0.279,0.997,2024-12-23 04:37:18.282884,1.0
232b59ed-832e-4f89-99b2-aa25aa6f74eb,Level 417,Player 7,easy,74.42,729,70,340,"platformer,speedrun",0.129,0.143,0.347,0.858,2024-12-23 04:37:18.282884,1.0
7d798ee3-233e-44b3-a980-492871b73809,Level 418,Player 8,normal,74.17,336,8,407,"puzzle,technical",0.573,0.367,0.678,0.153,2024-12-23 04:37:18.282884,1.0
b62b55bb-898d-455d-b1a5-7c20b8feebc0,Level 419,Player 9,hard,42.23,594,95,127,"platformer,speedrun",0.254,0.672,0.967,0.977,2024-12-23 04:37:18.282884,1.0
d9c07975-415e-4e31-9d60-e0f4792d7b83,Level 420,Player 10,expert,59.67,313,74,405,"puzzle,technical",0.644,0.968,0.821,0.562,2024-12-23 04:37:18.282884,1.0
376a3ad3-6f0b-4956-b384-3a6f53be1da6,Level 421,Player 1,easy,48.49,656,66,122,"platformer,speedrun",0.747,0.873,0.8,0.805,2024-12-23 04:37:18.282884,1.0
b95930aa-9ade-4b9b-8ffa-01e917cd5c86,Level 422,Player 2,normal,90.35,399,65,398,"puzzle,technical",0.311,0.957,0.798,0.234,2024-12-23 04:37:18.282884,1.0
1e6fc8f0-98d5-47c8-8a75-e412fc2ed01f,Level 423,Player 3,hard,48.23,94,4,362,"platformer,speedrun",0.018,0.787,0.222,0.282,2024-12-23 04:37:18.282884,1.0
1fc307aa-ee2c-4d9b-a50e-7d923e2d19eb,Level 424,Player 4,expert,63.36,474,35,62,"puzzle,technical",0.285,0.925,0.148,0.252,2024-12-23 04:37:18.282884,1.0
ac1685fb-4f5e-4026-a4a3-02879d41e930,Level 425,Player 5,easy,45.61,95,73,1,"platformer,speedrun",0.876,0.06,0.761,0.44,2024-12-23 04:37:18.282884,1.0
a2b26f1b-9ee1-4461-a75a-2db576fb26c6,Level 426,Player 6,normal,92.99,380,72,330,"puzzle,technical",0.996,0.479,0.601,0.649,2024-12-23 04:37:18.282884,1.0
2fe30a49-42bb-4c34-8e0d-6bf86d046c3e,Level 427,Player 7,hard,9.91,762,44,417,"platformer,speedrun",0.165,0.335,0.669,0.43,2024-12-23 04:37:18.282884,1.0
45b23037-a697-486f-83c1-39eac97ce65e,Level 428,Player 8,expert,31.7,328,82,56,"puzzle,technical",0.279,0.651,0.541,0.22,2024-12-23 04:37:18.282884,1.0
4e16d255-d39a-40a9-b263-32caa0d6cfa9,Level 429,Player 9,easy,16.79,297,85,478,"platformer,speedrun",0.598,0.574,0.655,0.95,2024-12-23 04:37:18.282884,1.0
bf603640-575e-44da-b29a-7954b81759cf,Level 430,Player 10,normal,66.38,231,74,266,"puzzle,technical",0.896,0.27,0.556,0.559,2024-12-23 04:37:18.282884,1.0
81950d3f-fa66-4e45-b9a5-697123d739ff,Level 431,Player 1,hard,20.16,28,8,17,"platformer,speedrun",0.433,0.201,0.476,0.53,2024-12-23 04:37:18.282884,1.0
0cc2a354-451a-4ce6-9451-638a3115231e,Level 432,Player 2,expert,87.19,345,52,282,"puzzle,technical",0.31,0.836,0.023,0.964,2024-12-23 04:37:18.282884,1.0
61c34087-7d7e-4e4f-a132-ebffdd76a205,Level 433,Player 3,easy,27.46,233,95,56,"platformer,speedrun",0.895,0.136,0.595,0.773,2024-12-23 04:37:18.282884,1.0
66d82dc5-28a9-4080-a3ca-82e99eda87e9,Level 434,Player 4,normal,2.62,554,72,70,"puzzle,technical",0.92,0.323,0.821,0.295,2024-12-23 04:37:18.282884,1.0
9e3cce0b-90aa-4755-b3f4-e1fa03228a27,Level 435,Player 5,hard,91.44,154,85,220,"platformer,speedrun",0.008,0.097,0.849,0.598,2024-12-23 04:37:18.282884,1.0
bc280195-9f1b-4b96-8bb8-a096c1c48ccf,Level 436,Player 6,expert,36.22,697,12,40,"puzzle,technical",0.658,0.71,0.891,0.25,2024-12-23 04:37:18.282884,1.0
00746306-9243-4631-93a1-666200e91ab5,Level 437,Player 7,easy,18.85,819,86,138,"platformer,speedrun",0.812,0.235,0.137,0.196,2024-12-23 04:37:18.282884,1.0
a87e79da-b624-430f-8472-bcae1232d9a2,Level 438,Player 8,normal,18.23,685,51,369,"puzzle,technical",0.105,0.107,0.666,0.603,2024-12-23 04:37:18.282884,1.0
3d3ebb8d-190b-41ef-9fd9-cdcfb9619870,Level 439,Player 9,hard,59.7,278,39,245,"platformer,speedrun",0.806,0.461,0.195,0.516,2024-12-23 04:37:18.282884,1.0
e20d58ee-42bf-40af-b580-720cc967fe5c,Level 440,Player 10,expert,36.38,431,48,199,"puzzle,technical",0.977,0.206,0.09,0.688,2024-12-23 04:37:18.282884,1.0
5f23e45b-1ac4-4701-a1f7-688329da0771,Level 441,Player 1,easy,75.81,853,29,74,"platformer,speedrun",0.122,0.944,0.626,0.208,2024-12-23 04:37:18.282884,1.0
b2dbd884-5c4d-454f-b344-f4ac4900de8c,Level 442,Player 2,normal,40.52,670,90,111,"puzzle,technical",0.043,0.791,0.465,0.726,2024-12-23 04:37:18.282884,1.0
27800d6a-3f3a-458a-a9f4-859a10a24244,Level 443,Player 3,hard,13.65,531,66,230,"platformer,speedrun",0.265,0.197,0.672,0.823,2024-12-23 04:37:18.282884,1.0
6e27ce24-23ac-4a72-a5d2-193fae19b021,Level 444,Player 4,expert,50.21,705,3,430,"puzzle,technical",0.587,0.389,0.446,0.207,2024-12-23 04:37:18.282884,1.0
496f5840-cb25-445e-9864-a5fc73eac2a3,Level 445,Player 5,easy,13.48,350,5,47,"platformer,speedrun",0.464,0.031,0.206,0.761,2024-12-23 04:37:18.282884,1.0
23b7a784-9c94-403b-9c86-4a602120987c,Level 446,Player 6,normal,68.1,156,43,404,"puzzle,technical",0.826,0.832,0.905,0.268,2024-12-23 04:37:18.282884,1.0
a9edb638-044e-4713-aaaa-0472c4c2906e,Level 447,Player 7,hard,27.45,238,76,396,"platformer,speedrun",0.403,0.465,0.36,0.62,2024-12-23 04:37:18.282884,1.0
3503fc91-80e3-4290-89d8-839bccf80dc9,Level 448,Player 8,expert,77.25,683,63,169,"puzzle,technical",0.333,0.777,0.359,0.324,2024-12-23 04:37:18.282884,1.0
da9b26b5-34fd-417f-96cd-84c47ff37302,Level 449,Player 9,easy,88.41,259,64,119,"platformer,speedrun",0.011,0.951,0.779,0.065,2024-12-23 04:37:18.282884,1.0
1363c86c-a64a-47bc-b636-843bcf06a82f,Level 450,Player 10,normal,28.46,194,50,457,"puzzle,technical",0.805,0.307,0.573,0.999,2024-12-23 04:37:18.282884,1.0
a36e02f4-d894-4226-a551-4e9e56de0fa3,Level 451,Player 1,hard,24.82,475,19,152,"platformer,speedrun",0.834,0.461,0.552,0.497,2024-12-23 04:37:18.282884,1.0
af780478-a627-47f9-be06-c7eb845e1007,Level 452,Player 2,expert,19.57,712,72,87,"puzzle,technical",0.435,0.478,0.666,0.742,2024-12-23 04:37:18.282884,1.0
88ffad78-2d85-49e7-a2dd-1adadbcb3b8e,Level 453,Player 3,easy,45.0,338,56,64,"platformer,speedrun",0.508,0.66,0.739,0.835,2024-12-23 04:37:18.282884,1.0
8c09d645-3973-40ec-b505-4c6e89c57fd5,Level 454,Player 4,normal,23.19,682,40,423,"puzzle,technical",0.568,0.698,0.903,0.208,2024-12-23 04:37:18.282884,1.0
e5d18549-f739-4bb3-8635-2bcb40055d83,Level 455,Player 5,hard,70.67,45,34,454,"platformer,speedrun",0.706,0.677,0.222,0.031,2024-12-23 04:37:18.282884,1.0
a1943c10-2138-468b-a5f3-d0807c5412f6,Level 456,Player 6,expert,15.63,355,58,399,"puzzle,technical",0.599,0.423,0.97,0.404,2024-12-23 04:37:18.282884,1.0
a3310594-3fa9-4bc2-b0e8-25d614157280,Level 457,Player 7,easy,33.85,35,78,130,"platformer,speedrun",0.248,0.098,0.428,0.927,2024-12-23 04:37:18.282884,1.0
716d0863-caf9-4b51-92d7-0b8628e10d10,Level 458,Player 8,normal,31.82,489,30,229,"puzzle,technical",0.245,0.194,0.092,0.614,2024-12-23 04:37:18.282884,1.0
d270d503-a5b0-4e93-abcd-a4ce62ccdd69,Level 459,Player 9,hard,47.75,700,58,160,"platformer,speedrun",0.747,0.145,0.693,0.338,2024-12-23 04:37:18.282884,1.0
9ad793aa-c2f4-40c7-a5db-4432d8292a85,Level 460,Player 10,expert,99.36,650,96,327,"puzzle,technical",0.84,0.028,0.483,0.104,2024-12-23 04:37:18.282884,1.0
40358958-eb97-4846-8179-73c64b7f7e11,Level 461,Player 1,easy,42.18,281,74,285,"platformer,speedrun",0.574,0.124,0.193,0.428,2024-12-23 04:37:18.282884,1.0
3caca646-b86a-450a-b6f4-79edfda9026f,Level 462,Player 2,normal,61.23,708,51,277,"puzzle,technical",0.998,0.244,0.171,0.369,2024-12-23 04:37:18.282884,1.0
63a3754b-9fdb-4142-91c3-471f79cfca5a,Level 463,Player 3,hard,31.66,826,6,345,"platformer,speedrun",0.767,0.503,0.922,0.029,2024-12-23 04:37:18.282884,1.0
5d2c4683-888a-4df7-97e9-d035b8f2ee16,Level 464,Player 4,expert,9.82,73,98,38,"puzzle,technical",0.223,0.383,0.167,0.807,2024-12-23 04:37:18.282884,1.0
052ccdba-d1c9-483e-8ad5-8c71f451b18c,Level 465,Player 5,easy,11.32,960,10,279,"platformer,speedrun",0.837,0.624,0.06,0.993,2024-12-23 04:37:18.282884,1.0
934f7d1e-7f82-4c21-844d-bca74985fb04,Level 466,Player 6,normal,56.71,352,52,487,"puzzle,technical",0.575,0.024,0.719,0.202,2024-12-23 04:37:18.282884,1.0
4c220932-2010-4655-b62f-a6ee1a2f6a03,Level 467,Player 7,hard,38.81,577,51,399,"platformer,speedrun",0.827,0.117,0.22,0.218,2024-12-23 04:37:18.282884,1.0
c3dcb51a-2563-4ca5-8903-cd9da94d7c39,Level 468,Player 8,expert,14.26,282,36,141,"puzzle,technical",0.282,0.097,0.669,0.141,2024-12-23 04:37:18.282884,1.0
f9eed54d-a3eb-4d9b-9151-615acac1cf76,Level 469,Player 9,easy,20.75,218,93,442,"platformer,speedrun",0.444,0.024,0.376,0.972,2024-12-23 04:37:18.282884,1.0
30b4d004-f322-4570-af6c-b909d0c5b609,Level 470,Player 10,normal,84.24,452,53,414,"puzzle,technical",0.835,0.365,0.257,0.259,2024-12-23 04:37:18.282884,1.0
ac943e29-ca81-41df-a4b3-50a143743598,Level 471,Player 1,hard,35.24,98,36,144,"platformer,speedrun",0.693,0.437,0.522,0.214,2024-12-23 04:37:18.282884,1.0
8e95b7c8-8157-4b9f-ac73-94bc4be9d6cd,Level 472,Player 2,expert,58.72,273,57,457,"puzzle,technical",0.084,0.554,0.46,0.928,2024-12-23 04:37:18.282884,1.0
baa2ff02-5114-47b3-a27f-fb4b34d4e756,Level 473,Player 3,easy,61.34,668,8,333,"platformer,speedrun",0.357,0.68,0.795,0.042,2024-12-23 04:37:18.282884,1.0
e1fdff7b-2a26-477b-b332-7b8b609d9987,Level 474,Player 4,normal,66.78,149,46,91,"puzzle,technical",0.197,0.179,0.17,0.974,2024-12-23 04:37:18.282884,1.0
75715331-2b98-4b65-b95a-561a00da253a,Level 475,Player 5,hard,61.16,44,84,165,"platformer,speedrun",0.816,0.631,0.009,0.979,2024-12-23 04:37:18.282884,1.0
41919476-7e42-4aa3-8249-6c6ce496c912,Level 476,Player 6,expert,19.66,18,24,486,"puzzle,technical",0.111,0.361,0.238,0.681,2024-12-23 04:37:18.282884,1.0
b457a90a-9469-4a09-b87c-1220d8f54010,Level 477,Player 7,easy,77.28,659,23,417,"platformer,speedrun",0.622,0.151,0.673,0.613,2024-12-23 04:37:18.282884,1.0
6fadbcc8-3b2f-474a-9164-d2e05ac13089,Level 478,Player 8,normal,58.48,875,24,467,"puzzle,technical",0.207,0.549,0.969,0.56,2024-12-23 04:37:18.282884,1.0
ee006885-e1a2-427e-a887-cea5a956c890,Level 479,Player 9,hard,60.79,611,6,69,"platformer,speedrun",0.538,0.42,0.414,0.371,2024-12-23 04:37:18.282884,1.0
34eb27d7-ce03-4fb0-ab20-55ea34413dcd,Level 480,Player 10,expert,92.93,820,82,332,"puzzle,technical",0.562,0.563,0.321,0.438,2024-12-23 04:37:18.282884,1.0
21d55717-9a27-4a8c-801e-f53cdbbb0a2d,Level 481,Player 1,easy,18.89,888,86,102,"platformer,speedrun",0.332,0.856,0.193,0.639,2024-12-23 04:37:18.282884,1.0
efe0d2e4-11c0-40b5-80b3-3dfa572aea8d,Level 482,Player 2,normal,90.65,486,80,9,"puzzle,technical",0.862,0.717,0.417,0.489,2024-12-23 04:37:18.282884,1.0
cc37e2ad-6891-4654-9399-7e89ac065506,Level 483,Player 3,hard,37.15,52,27,141,"platformer,speedrun",0.542,0.252,0.095,0.954,2024-12-23 04:37:18.282884,1.0
7d30b167-3730-4b87-a975-754bc2c676d1,Level 484,Player 4,expert,19.23,838,50,116,"puzzle,technical",1.0,0.142,0.467,0.042,2024-12-23 04:37:18.282884,1.0
b1466396-5b48-4fc6-9cf3-80a44972e514,Level 485,Player 5,easy,98.03,999,31,115,"platformer,speedrun",0.864,0.461,0.382,0.08,2024-12-23 04:37:18.282884,1.0
51ea954e-6b35-4906-9ce4-24a2eb4e8ad5,Level 486,Player 6,normal,11.98,194,39,1,"puzzle,technical",0.693,0.633,0.698,0.498,2024-12-23 04:37:18.282884,1.0
4fde74c4-6a14-48dd-9052-2756f88876bd,Level 487,Player 7,hard,98.34,15,88,48,"platformer,speedrun",0.665,0.069,0.187,0.297,2024-12-23 04:37:18.282884,1.0
7015c5d9-2aa5-480c-aa4c-ef669dcf9a8f,Level 488,Player 8,expert,76.89,517,11,308,"puzzle,technical",0.49,0.378,0.827,0.698,2024-12-23 04:37:18.282884,1.0
bc88833e-8b37-42f1-ae8b-f6a0f88c81ec,Level 489,Player 9,easy,69.41,896,97,195,"platformer,speedrun",0.506,0.615,0.781,0.182,2024-12-23 04:37:18.282884,1.0
46d0dc4f-88f3-4b17-9039-287d990ec199,Level 490,Player 10,normal,75.83,571,75,59,"puzzle,technical",0.538,0.247,0.924,0.285,2024-12-23 04:37:18.282884,1.0
fbd17562-8fba-4a36-8f17-a744b92bc474,Level 491,Player 1,hard,23.73,276,71,24,"platformer,speedrun",0.742,0.532,0.717,0.8,2024-12-23 04:37:18.282884,1.0
a7078665-a9f2-4827-9154-8ef8036417b0,Level 492,Player 2,expert,11.83,595,16,377,"puzzle,technical",0.008,0.454,0.501,0.877,2024-12-23 04:37:18.282884,1.0
f409a69d-49c9-4f24-a6f0-31bd29a23e54,Level 493,Player 3,easy,66.28,495,12,447,"platformer,speedrun",0.106,0.557,0.496,0.029,2024-12-23 04:37:18.282884,1.0
48c84273-69a4-4d61-bb90-cd053ccb5728,Level 494,Player 4,normal,14.38,215,27,328,"puzzle,technical",0.565,0.374,0.12,0.029,2024-12-23 04:37:18.282884,1.0
6ca048d0-1228-42a4-a5bd-6c4701149db2,Level 495,Player 5,hard,23.02,718,20,372,"platformer,speedrun",0.654,0.894,0.367,0.622,2024-12-23 04:37:18.282884,1.0
6806278a-de9d-4a31-8997-174357f2c745,Level 496,Player 6,expert,3.7,349,55,120,"puzzle,technical",0.713,0.659,0.774,0.232,2024-12-23 04:37:18.282884,1.0
07ed872f-0c3a-48a6-b8da-75bc81d94d2c,Level 497,Player 7,easy,1.68,240,28,361,"platformer,speedrun",0.967,0.382,0.72,0.65,2024-12-23 04:37:18.282884,1.0
e4913ef5-d5f0-44dc-9788-566c575c5d5c,Level 498,Player 8,normal,53.51,630,10,149,"puzzle,technical",0.046,0.354,0.368,0.567,2024-12-23 04:37:18.282884,1.0
eeb03590-ecc7-4af6-a208-f3990fa97067,Level 499,Player 9,hard,45.37,167,91,144,"platformer,speedrun",0.822,0.466,0.705,0.791,2024-12-23 04:37:18.282884,1.0
766e6c28-7314-49dc-a8f7-3eaf583216be,Level 500,Player 10,expert,80.38,356,63,275,"puzzle,technical",0.404,0.052,0.397,0.08,2024-12-23 04:37:18.282884,1.0
