level_id,title,maker,difficulty,clear_rate,attempts,clears,likes,tags,completion_rate,difficulty_score,popularity_score,engagement_score,timestamp,data_version
5a1f7ef0-f831-44e6-abbc-a6e8abdd1846,Level 1,Player 1,easy,2.64,380,54,72,"platformer,speedrun",0.195,0.104,0.85,0.412,2024-12-23 04:37:25.728969,1.0
5f3118d0-bb47-4d8e-b108-379398a0cadc,Level 2,Player 2,normal,76.56,321,13,292,"puzzle,technical",0.204,0.926,0.205,0.944,2024-12-23 04:37:25.728969,1.0
9084a60c-098e-421c-b238-2ce1334d3404,Level 3,Player 3,hard,77.41,598,32,406,"platformer,speedrun",0.511,0.881,0.753,0.031,2024-12-23 04:37:25.728969,1.0
199e4aba-7633-4bf6-bc73-5ec64e41253b,Level 4,Player 4,expert,89.94,403,12,270,"puzzle,technical",0.084,0.293,0.49,0.67,2024-12-23 04:37:25.728969,1.0
8638c4b5-5b01-43d9-bbfd-9d9c7ec11ded,Level 5,Player 5,easy,85.54,166,16,420,"platformer,speedrun",0.404,0.786,0.972,0.53,2024-12-23 04:37:25.728969,1.0
3d72f483-6e5d-4b5d-8f95-bcebc1d85008,Level 6,Player 6,normal,32.0,882,26,76,"puzzle,technical",0.886,0.285,0.401,0.16,2024-12-23 04:37:25.728969,1.0
d077fed7-58ff-4504-b9c1-ce641fb01970,Level 7,Player 7,hard,20.35,808,86,51,"platformer,speedrun",0.58,0.832,0.498,0.882,2024-12-23 04:37:25.728969,1.0
e7090857-c4e6-4b28-bf87-3759acce8fc5,Level 8,Player 8,expert,39.71,348,4,406,"puzzle,technical",0.501,0.053,0.244,0.629,2024-12-23 04:37:25.728969,1.0
2e7fdc6e-742e-40ad-82da-eab5837c6215,Level 9,Player 9,easy,80.93,560,63,250,"platformer,speedrun",0.552,0.088,0.485,0.87,2024-12-23 04:37:25.728969,1.0
f1f17ba0-9f28-40b8-a4e3-a2cc799e304f,Level 10,Player 10,normal,69.87,439,97,404,"puzzle,technical",0.795,0.487,0.266,0.317,2024-12-23 04:37:25.728969,1.0
280d42df-793e-4d01-83fc-6342f7924182,Level 11,Player 1,hard,88.76,732,50,283,"platformer,speedrun",0.241,0.937,0.827,0.263,2024-12-23 04:37:25.728969,1.0
f6d8bd5e-784b-47ca-b29c-246da01b9386,Level 12,Player 2,expert,18.92,225,79,468,"puzzle,technical",0.917,0.002,0.876,0.803,2024-12-23 04:37:25.728969,1.0
c8d8dac5-ea3d-4a2e-afb6-3233027ca0dc,Level 13,Player 3,easy,92.74,281,66,196,"platformer,speedrun",0.968,0.057,0.203,0.827,2024-12-23 04:37:25.728969,1.0
1b6dfdb5-dc1d-4638-86ed-a7e3d68da8fb,Level 14,Player 4,normal,65.58,956,91,330,"puzzle,technical",0.829,0.908,0.588,0.178,2024-12-23 04:37:25.728969,1.0
7b490977-ec1d-4523-a74f-5354d2af72d1,Level 15,Player 5,hard,17.34,25,2,98,"platformer,speedrun",0.413,0.149,0.264,0.05,2024-12-23 04:37:25.728969,1.0
51736a43-911d-4657-8714-33540aec2538,Level 16,Player 6,expert,88.9,125,35,260,"puzzle,technical",0.014,0.3,0.252,0.964,2024-12-23 04:37:25.728969,1.0
8d001d9f-d826-4adf-ba63-f821f7970cd3,Level 17,Player 7,easy,20.43,797,24,303,"platformer,speedrun",0.828,0.805,0.092,0.948,2024-12-23 04:37:25.728969,1.0
82867d92-836a-42f2-80a7-86028b985321,Level 18,Player 8,normal,73.79,155,26,146,"puzzle,technical",0.307,0.221,0.384,0.239,2024-12-23 04:37:25.728969,1.0
4866f4a8-043b-4315-9c87-274708d239f7,Level 19,Player 9,hard,23.68,49,61,272,"platformer,speedrun",0.489,0.847,0.527,0.417,2024-12-23 04:37:25.728969,1.0
7128b58d-4bdf-40ed-b8a8-b5d0f4a7d221,Level 20,Player 10,expert,81.74,289,97,246,"puzzle,technical",0.661,0.498,0.296,0.767,2024-12-23 04:37:25.728969,1.0
422e0c54-9704-4dfb-b242-03171d508d2d,Level 21,Player 1,easy,53.04,952,83,214,"platformer,speedrun",0.221,0.782,0.344,0.391,2024-12-23 04:37:25.728969,1.0
5d988b20-0199-4f3f-b6ee-58d07b6d737f,Level 22,Player 2,normal,10.76,433,83,156,"puzzle,technical",0.703,0.513,0.076,0.899,2024-12-23 04:37:25.728969,1.0
db90457e-fe61-446f-9dda-e713bcc7f504,Level 23,Player 3,hard,87.48,866,71,277,"platformer,speedrun",0.59,0.933,0.871,0.375,2024-12-23 04:37:25.728969,1.0
0c576522-e61a-4955-be66-0b0c7d68b365,Level 24,Player 4,expert,32.64,115,83,409,"puzzle,technical",0.987,0.049,0.907,0.04,2024-12-23 04:37:25.728969,1.0
f331fad4-f506-4746-845e-ec5bfb330f90,Level 25,Player 5,easy,18.87,319,87,192,"platformer,speedrun",0.418,0.826,0.378,0.128,2024-12-23 04:37:25.728969,1.0
03b3000b-ebfe-437d-a63e-2e0351e5804e,Level 26,Player 6,normal,6.66,776,12,210,"puzzle,technical",0.372,0.285,0.956,0.078,2024-12-23 04:37:25.728969,1.0
370e8144-4632-44c9-a4b9-0075b74663c2,Level 27,Player 7,hard,11.36,597,87,252,"platformer,speedrun",0.522,0.952,0.505,0.972,2024-12-23 04:37:25.728969,1.0
3418835a-a52a-48a1-bed3-e72b773d1bf4,Level 28,Player 8,expert,21.62,256,39,143,"puzzle,technical",0.766,0.574,0.725,0.542,2024-12-23 04:37:25.728969,1.0
a137b248-1cd5-4a0f-ade8-0380f8349d31,Level 29,Player 9,easy,36.61,587,12,360,"platformer,speedrun",0.177,0.571,0.207,0.209,2024-12-23 04:37:25.728969,1.0
c0bab5c4-c55e-4dcd-9a7b-a374c37350cb,Level 30,Player 10,normal,59.97,620,44,195,"puzzle,technical",0.523,0.261,0.022,0.086,2024-12-23 04:37:25.728969,1.0
5ee353d4-39a7-4e78-aa16-fe5907a20e7e,Level 31,Player 1,hard,71.31,98,3,153,"platformer,speedrun",0.686,0.247,0.687,0.321,2024-12-23 04:37:25.728969,1.0
a2971cc2-5532-4b58-8609-d04a8515d6c7,Level 32,Player 2,expert,8.74,636,22,363,"puzzle,technical",0.048,0.452,0.48,0.134,2024-12-23 04:37:25.728969,1.0
4703c400-995b-4274-969f-7c56f40d1ae4,Level 33,Player 3,easy,86.12,51,76,95,"platformer,speedrun",0.192,0.582,0.116,0.046,2024-12-23 04:37:25.728969,1.0
38bdce21-5853-4939-a8f1-2cdd855f37d9,Level 34,Player 4,normal,73.28,437,93,350,"puzzle,technical",0.675,0.994,0.531,0.624,2024-12-23 04:37:25.728969,1.0
12afea27-5df7-4975-849c-4f1df5559023,Level 35,Player 5,hard,43.37,698,8,38,"platformer,speedrun",0.98,0.078,0.796,0.525,2024-12-23 04:37:25.728969,1.0
64e94fbb-7246-414a-acd7-315cd683ed26,Level 36,Player 6,expert,87.04,429,45,87,"puzzle,technical",0.099,0.288,0.371,0.522,2024-12-23 04:37:25.728969,1.0
2fd8f93a-8c7f-4f9a-9cef-2079060875cc,Level 37,Player 7,easy,48.57,482,80,146,"platformer,speedrun",0.269,0.444,0.277,0.044,2024-12-23 04:37:25.728969,1.0
cdd06602-83f9-4651-b63c-679bd5095bbf,Level 38,Player 8,normal,34.59,160,16,155,"puzzle,technical",0.74,0.25,0.17,0.394,2024-12-23 04:37:25.728969,1.0
eb26ae8b-e0e6-49c1-b37a-6807b747e398,Level 39,Player 9,hard,24.24,236,81,215,"platformer,speedrun",0.265,0.153,0.806,0.043,2024-12-23 04:37:25.728969,1.0
ff662271-2fdb-48f3-84a6-5c987daee889,Level 40,Player 10,expert,75.62,199,13,164,"puzzle,technical",0.256,0.82,0.275,0.128,2024-12-23 04:37:25.728969,1.0
59827fb0-0b2a-4da9-9f53-31a630791637,Level 41,Player 1,easy,50.51,954,38,1,"platformer,speedrun",0.286,0.709,0.81,0.719,2024-12-23 04:37:25.728969,1.0
6340d542-a346-4412-bcbb-79a5e37cdbd9,Level 42,Player 2,normal,84.85,37,83,163,"puzzle,technical",0.866,0.62,0.831,0.697,2024-12-23 04:37:25.728969,1.0
03db2ab5-c7a9-4c97-8c85-d3931542388b,Level 43,Player 3,hard,70.01,442,65,416,"platformer,speedrun",0.762,0.732,0.708,0.585,2024-12-23 04:37:25.728969,1.0
85dc1f15-4a8b-4c87-9dbd-d4da93d609e8,Level 44,Player 4,expert,56.99,770,22,190,"puzzle,technical",0.677,0.211,0.37,0.325,2024-12-23 04:37:25.728969,1.0
e881bbee-87dd-4dce-abe1-51dadf106fc1,Level 45,Player 5,easy,76.24,244,67,66,"platformer,speedrun",0.093,0.044,0.377,0.434,2024-12-23 04:37:25.728969,1.0
1248e9a7-61cc-4d5d-8457-25dc4ec3a242,Level 46,Player 6,normal,61.35,937,75,123,"puzzle,technical",0.594,0.696,0.703,0.037,2024-12-23 04:37:25.728969,1.0
84061ce8-734f-4301-82e6-d8bfebda9904,Level 47,Player 7,hard,19.85,850,47,235,"platformer,speedrun",0.881,0.803,0.304,0.398,2024-12-23 04:37:25.728969,1.0
3bee713a-7269-47b0-ba94-cbef4b95daa3,Level 48,Player 8,expert,1.06,177,49,390,"puzzle,technical",0.371,0.373,0.805,0.954,2024-12-23 04:37:25.728969,1.0
453920e2-1103-4f21-b042-f000de2f9337,Level 49,Player 9,easy,74.0,667,80,39,"platformer,speedrun",0.85,0.352,0.601,0.659,2024-12-23 04:37:25.728969,1.0
ebe261e7-f2e2-4d95-b444-c163ffcb33b3,Level 50,Player 10,normal,35.43,427,89,347,"puzzle,technical",0.474,0.39,0.948,0.328,2024-12-23 04:37:25.728969,1.0
0ba3b08c-461a-405b-a922-c2c8286d2031,Level 51,Player 1,hard,94.25,616,39,192,"platformer,speedrun",0.241,0.499,0.326,0.225,2024-12-23 04:37:25.728969,1.0
bdce149d-5161-42ae-a197-74ebd0160c2b,Level 52,Player 2,expert,70.57,420,15,464,"puzzle,technical",0.201,0.152,0.839,0.036,2024-12-23 04:37:25.728969,1.0
90c523b5-f4c5-44f5-916f-681800bde619,Level 53,Player 3,easy,26.06,717,99,478,"platformer,speedrun",0.826,0.549,0.081,0.116,2024-12-23 04:37:25.728969,1.0
6d829634-d1a6-418a-84b1-50ca597d342b,Level 54,Player 4,normal,98.29,459,51,168,"puzzle,technical",0.961,0.124,0.286,0.194,2024-12-23 04:37:25.728969,1.0
41c39fac-45dd-49ef-ae2c-6cb81876ceaa,Level 55,Player 5,hard,14.36,669,86,219,"platformer,speedrun",0.161,0.581,0.538,0.686,2024-12-23 04:37:25.728969,1.0
2cc1609c-4f51-4b69-b93d-4450857319f4,Level 56,Player 6,expert,81.97,776,31,435,"puzzle,technical",0.985,0.453,0.462,0.709,2024-12-23 04:37:25.728969,1.0
44101238-f927-4750-b1cd-0728e09232fd,Level 57,Player 7,easy,19.82,592,24,89,"platformer,speedrun",0.715,0.241,0.495,0.482,2024-12-23 04:37:25.728969,1.0
36a8474d-8afc-4b4c-924b-562be6807d27,Level 58,Player 8,normal,12.01,482,99,223,"puzzle,technical",0.227,0.66,0.61,0.846,2024-12-23 04:37:25.728969,1.0
c5938e98-9ccd-4815-b07c-8394c9719feb,Level 59,Player 9,hard,65.95,948,19,425,"platformer,speedrun",0.155,0.616,0.378,0.757,2024-12-23 04:37:25.728969,1.0
2468eedf-ffe8-424b-857c-2fcafc211fc1,Level 60,Player 10,expert,36.2,511,32,47,"puzzle,technical",0.902,0.687,0.63,0.27,2024-12-23 04:37:25.728969,1.0
a56fd1ea-0071-4d1d-8a04-27acf5a71cfc,Level 61,Player 1,easy,65.7,669,3,253,"platformer,speedrun",0.923,0.438,0.908,0.902,2024-12-23 04:37:25.728969,1.0
8841bc98-b41d-4d6a-8276-9e2114eeaae3,Level 62,Player 2,normal,38.7,607,62,3,"puzzle,technical",0.116,0.411,0.475,0.91,2024-12-23 04:37:25.728969,1.0
b8f2a2e6-65bd-430a-aed7-d288f7bd8fa7,Level 63,Player 3,hard,80.26,24,56,1,"platformer,speedrun",0.841,0.772,0.656,0.4,2024-12-23 04:37:25.728969,1.0
d4a6fe82-2e3d-4edf-885c-e3d9fb6428ae,Level 64,Player 4,expert,99.68,86,38,355,"puzzle,technical",0.4,0.865,0.845,0.994,2024-12-23 04:37:25.728969,1.0
3e23427f-8104-4648-bfd9-7f18f3d3c1f0,Level 65,Player 5,easy,9.6,615,10,24,"platformer,speedrun",0.09,0.297,0.992,0.386,2024-12-23 04:37:25.728969,1.0
9873e46f-95ed-4688-9f50-19d4420b8237,Level 66,Player 6,normal,47.45,64,58,143,"puzzle,technical",0.626,0.286,0.982,0.283,2024-12-23 04:37:25.728969,1.0
d1777dc3-96e6-4511-8099-dad77ae78f19,Level 67,Player 7,hard,5.92,478,50,253,"platformer,speedrun",0.652,0.478,0.801,0.207,2024-12-23 04:37:25.728969,1.0
730a31aa-ca5a-4a8d-9cb5-7b7984813e56,Level 68,Player 8,expert,36.88,748,9,406,"puzzle,technical",0.173,0.003,0.153,0.355,2024-12-23 04:37:25.728969,1.0
038693c1-7949-4a39-9ada-b513deb7b658,Level 69,Player 9,easy,38.55,655,67,256,"platformer,speedrun",0.284,0.157,0.665,0.849,2024-12-23 04:37:25.728969,1.0
e0b89412-6881-416f-8d5b-cdda42307720,Level 70,Player 10,normal,43.36,968,26,315,"puzzle,technical",0.505,0.873,0.713,0.575,2024-12-23 04:37:25.728969,1.0
4ab26164-b2ee-409f-9e8f-36ac97d9beb1,Level 71,Player 1,hard,13.0,886,18,181,"platformer,speedrun",0.479,0.59,0.584,0.727,2024-12-23 04:37:25.728969,1.0
257a605a-6d46-4291-ba0a-428f5f393021,Level 72,Player 2,expert,3.78,385,97,248,"puzzle,technical",0.986,0.078,0.752,0.018,2024-12-23 04:37:25.728969,1.0
58d97822-3f02-4066-ba59-022e1a0023b9,Level 73,Player 3,easy,43.8,929,45,243,"platformer,speedrun",0.542,0.291,0.174,0.58,2024-12-23 04:37:25.728969,1.0
a4ca8e86-c4c5-4d64-8e8a-8354150c6e24,Level 74,Player 4,normal,51.23,847,24,356,"puzzle,technical",0.795,0.406,0.251,0.961,2024-12-23 04:37:25.728969,1.0
e0379e0e-f35c-4f1c-8386-688930266b44,Level 75,Player 5,hard,8.71,307,93,369,"platformer,speedrun",0.213,0.628,0.232,0.531,2024-12-23 04:37:25.728969,1.0
30957418-0a2f-497e-a8a8-187d83dbc104,Level 76,Player 6,expert,74.41,56,86,245,"puzzle,technical",0.264,0.028,0.815,0.903,2024-12-23 04:37:25.728969,1.0
2f5dc455-91ff-463c-9075-67c582f37919,Level 77,Player 7,easy,85.61,234,27,251,"platformer,speedrun",0.375,0.477,0.363,0.845,2024-12-23 04:37:25.728969,1.0
7422f04e-3f7e-46b7-889b-e0c13fdd5a4e,Level 78,Player 8,normal,48.37,721,41,371,"puzzle,technical",0.272,0.733,0.993,0.172,2024-12-23 04:37:25.728969,1.0
540c098f-718d-4994-ad32-80ad64640f7b,Level 79,Player 9,hard,89.88,640,36,376,"platformer,speedrun",0.291,0.062,0.286,0.659,2024-12-23 04:37:25.728969,1.0
28ab44e0-3786-4b7f-9899-c9e046800f94,Level 80,Player 10,expert,95.43,530,34,410,"puzzle,technical",0.808,0.339,0.079,0.116,2024-12-23 04:37:25.728969,1.0
3631dc94-de8d-40a0-b0ea-8e178ec89d2a,Level 81,Player 1,easy,80.85,359,88,397,"platformer,speedrun",0.973,0.808,0.449,0.781,2024-12-23 04:37:25.728969,1.0
b22c4a84-5116-45ca-8605-c6440bca302a,Level 82,Player 2,normal,25.71,281,42,417,"puzzle,technical",0.486,0.162,0.3,0.631,2024-12-23 04:37:25.728969,1.0
b1e0b5a9-0a38-4d4f-9e78-0b90db7b9c9b,Level 83,Player 3,hard,6.93,837,60,324,"platformer,speedrun",0.307,0.391,0.211,0.684,2024-12-23 04:37:25.728969,1.0
cb64d4ac-a063-43bf-8246-3fea3a0d700b,Level 84,Player 4,expert,75.02,765,58,82,"puzzle,technical",0.317,0.105,0.009,0.756,2024-12-23 04:37:25.728969,1.0
fcf69e03-6485-4964-9182-e2bddadc9905,Level 85,Player 5,easy,59.51,43,49,30,"platformer,speedrun",0.454,0.779,0.79,0.451,2024-12-23 04:37:25.728969,1.0
c24ede53-10e7-4612-b45c-81b6b438e7ae,Level 86,Player 6,normal,96.14,565,12,131,"puzzle,technical",0.061,0.72,0.512,0.202,2024-12-23 04:37:25.728969,1.0
204a3a7b-aa5c-4ba7-bbc1-59ca92eefacf,Level 87,Player 7,hard,20.1,230,31,447,"platformer,speedrun",0.084,0.704,0.456,0.021,2024-12-23 04:37:25.728969,1.0
1fa63356-57ab-461c-9604-71f00369f583,Level 88,Player 8,expert,68.95,233,39,412,"puzzle,technical",0.198,0.921,0.752,0.677,2024-12-23 04:37:25.728969,1.0
76c5787b-7083-4f43-a200-07c7eb460e02,Level 89,Player 9,easy,83.5,705,16,70,"platformer,speedrun",0.681,0.539,0.245,0.292,2024-12-23 04:37:25.728969,1.0
f0bce43b-aa62-4d93-8c02-43e251ec0db4,Level 90,Player 10,normal,63.47,25,49,114,"puzzle,technical",0.673,0.66,0.46,0.376,2024-12-23 04:37:25.728969,1.0
edb68c5a-e03e-404c-9595-156c68877384,Level 91,Player 1,hard,6.62,868,28,176,"platformer,speedrun",0.586,0.035,0.217,0.08,2024-12-23 04:37:25.728969,1.0
ac744159-d66e-49cb-980e-512a131928aa,Level 92,Player 2,expert,19.63,63,10,99,"puzzle,technical",0.843,0.264,0.479,0.097,2024-12-23 04:37:25.728969,1.0
0adc2389-2d3d-43ce-b37d-828c04505ef3,Level 93,Player 3,easy,31.88,429,35,240,"platformer,speedrun",0.039,0.579,0.752,0.051,2024-12-23 04:37:25.728969,1.0
86623b39-f703-401a-9a35-7fdc34955d21,Level 94,Player 4,normal,63.44,84,69,355,"puzzle,technical",0.143,0.203,0.426,0.207,2024-12-23 04:37:25.728969,1.0
7d4083c3-72e5-4a0f-b1a7-784f262f5655,Level 95,Player 5,hard,50.95,30,48,428,"platformer,speedrun",0.468,0.898,0.68,0.493,2024-12-23 04:37:25.728969,1.0
fa94ee96-589d-4aac-b4a3-d522ae376a68,Level 96,Player 6,expert,65.05,616,74,414,"puzzle,technical",0.881,0.374,0.64,0.325,2024-12-23 04:37:25.728969,1.0
18e02e4a-551b-43dd-8b5a-151d29af3144,Level 97,Player 7,easy,81.98,995,10,119,"platformer,speedrun",0.287,0.59,0.426,0.155,2024-12-23 04:37:25.728969,1.0
ef974215-77f6-4894-b0fe-03892d4c3f73,Level 98,Player 8,normal,53.58,321,70,226,"puzzle,technical",0.116,0.504,0.302,0.632,2024-12-23 04:37:25.728969,1.0
c3984d9e-dd8e-4167-a2c0-032bfff03946,Level 99,Player 9,hard,6.08,60,31,344,"platformer,speedrun",0.795,0.658,0.434,0.114,2024-12-23 04:37:25.728969,1.0
b3fdec8f-0d61-4d23-bd23-1a8cae2cfa9d,Level 100,Player 10,expert,65.45,161,78,31,"puzzle,technical",0.85,0.054,0.196,0.031,2024-12-23 04:37:25.728969,1.0
495fa56c-84e7-4aa4-8bd0-c59ad8a448a3,Level 101,Player 1,easy,24.61,813,52,437,"platformer,speedrun",0.374,0.864,0.404,0.513,2024-12-23 04:37:25.728969,1.0
a8990f9b-8247-49cb-bfe4-2912ee57c48c,Level 102,Player 2,normal,99.04,701,59,168,"puzzle,technical",0.739,0.904,0.173,0.189,2024-12-23 04:37:25.728969,1.0
ad9360d5-75c6-41a5-b04f-636d62015a58,Level 103,Player 3,hard,68.45,311,45,200,"platformer,speedrun",0.361,0.231,0.902,0.676,2024-12-23 04:37:25.728969,1.0
c64e7cb4-8c1f-45c4-8aec-082ecad40931,Level 104,Player 4,expert,56.26,499,56,351,"puzzle,technical",0.656,0.366,0.032,0.72,2024-12-23 04:37:25.728969,1.0
70e71442-6987-480a-ada8-a2f31e2ec0c9,Level 105,Player 5,easy,28.38,27,1,147,"platformer,speedrun",0.105,0.666,0.995,0.37,2024-12-23 04:37:25.728969,1.0
bfefd878-2055-4c33-a9ba-abe13575802b,Level 106,Player 6,normal,89.75,623,77,389,"puzzle,technical",0.326,0.894,0.651,0.758,2024-12-23 04:37:25.728969,1.0
15b44928-b074-4e97-8185-16d070c1b994,Level 107,Player 7,hard,61.84,230,17,358,"platformer,speedrun",0.672,0.181,0.985,0.679,2024-12-23 04:37:25.728969,1.0
517550c4-30a2-42b9-8156-4a7f87aa912b,Level 108,Player 8,expert,46.03,220,33,136,"puzzle,technical",0.17,0.332,0.733,0.461,2024-12-23 04:37:25.728969,1.0
008686e3-8c94-402f-8c3b-1d6013c78003,Level 109,Player 9,easy,24.09,259,7,274,"platformer,speedrun",0.181,0.744,0.385,0.779,2024-12-23 04:37:25.728969,1.0
1d354de5-af0c-42d5-86b9-f9b499e03d5b,Level 110,Player 10,normal,78.64,464,63,189,"puzzle,technical",0.215,0.881,0.328,0.113,2024-12-23 04:37:25.728969,1.0
ed15b685-3e61-4159-9b95-4c6d123e0d9a,Level 111,Player 1,hard,55.06,155,87,457,"platformer,speedrun",0.237,0.265,0.688,0.118,2024-12-23 04:37:25.728969,1.0
08bb2e8d-f4b0-4cfc-95cf-7be799d1d990,Level 112,Player 2,expert,82.3,250,47,421,"puzzle,technical",0.554,0.146,0.049,0.544,2024-12-23 04:37:25.728969,1.0
947e0110-2f37-459b-af66-5f04d660dca9,Level 113,Player 3,easy,63.98,422,48,335,"platformer,speedrun",0.59,0.976,0.753,0.974,2024-12-23 04:37:25.728969,1.0
639dd523-99d9-4927-b7b1-3bc0335dd978,Level 114,Player 4,normal,60.55,454,13,36,"puzzle,technical",0.197,0.25,0.96,0.788,2024-12-23 04:37:25.728969,1.0
3f408a8b-fa4c-4c65-a15a-69407fa1fa17,Level 115,Player 5,hard,68.62,810,17,480,"platformer,speedrun",0.889,0.026,0.316,0.748,2024-12-23 04:37:25.728969,1.0
fd7ab77e-8e77-48bc-bbc0-bc9dba204d97,Level 116,Player 6,expert,55.83,438,72,137,"puzzle,technical",0.482,0.074,0.621,0.636,2024-12-23 04:37:25.728969,1.0
f9811534-475d-497f-9143-7faf3796f324,Level 117,Player 7,easy,33.11,686,32,74,"platformer,speedrun",0.27,0.241,0.384,0.588,2024-12-23 04:37:25.728969,1.0
c21ceed9-6b1d-496b-bb21-4709dff2b8ea,Level 118,Player 8,normal,19.86,147,20,127,"puzzle,technical",0.242,0.267,0.393,0.757,2024-12-23 04:37:25.728969,1.0
b4bb7055-9a02-40b3-9dea-f9190518ae79,Level 119,Player 9,hard,88.38,767,29,30,"platformer,speedrun",0.224,0.491,0.482,0.709,2024-12-23 04:37:25.728969,1.0
f1a74a7e-b88c-4caf-a13d-050b0412b28d,Level 120,Player 10,expert,63.24,715,89,467,"puzzle,technical",0.495,0.077,0.333,0.967,2024-12-23 04:37:25.728969,1.0
2d9177fb-902a-4305-a7a5-cea1c75ae5cb,Level 121,Player 1,easy,88.98,734,24,98,"platformer,speedrun",0.328,0.572,0.461,0.238,2024-12-23 04:37:25.728969,1.0
bf1e0449-429b-4214-8fe8-2098250a684f,Level 122,Player 2,normal,83.04,379,87,411,"puzzle,technical",0.17,0.877,0.903,0.17,2024-12-23 04:37:25.728969,1.0
97122ab3-61e2-4480-8ff9-e78113c7e51a,Level 123,Player 3,hard,59.65,491,20,30,"platformer,speedrun",0.029,0.423,0.777,0.022,2024-12-23 04:37:25.728969,1.0
3fc09127-83a1-41ea-994b-1943abfe1dca,Level 124,Player 4,expert,29.94,427,54,30,"puzzle,technical",0.587,0.251,0.704,0.728,2024-12-23 04:37:25.728969,1.0
b1a235ea-ba4f-4930-827d-1370c015f415,Level 125,Player 5,easy,28.28,635,4,158,"platformer,speedrun",0.756,0.69,0.594,0.276,2024-12-23 04:37:25.728969,1.0
6e429dac-9293-43a3-a023-4495ca5fbdbb,Level 126,Player 6,normal,7.95,664,14,131,"puzzle,technical",0.75,0.559,0.237,0.493,2024-12-23 04:37:25.728969,1.0
e5c6fe19-6f36-40a2-9638-08d73154ec0e,Level 127,Player 7,hard,34.78,775,60,25,"platformer,speedrun",0.525,0.402,0.471,0.492,2024-12-23 04:37:25.728969,1.0
f202b1af-3ee8-4490-8e8e-469066f42d0e,Level 128,Player 8,expert,19.3,992,43,416,"puzzle,technical",0.177,0.033,0.385,0.079,2024-12-23 04:37:25.728969,1.0
b3111e36-7a88-43d2-9ec4-f2e4481993f6,Level 129,Player 9,easy,39.12,692,93,317,"platformer,speedrun",0.172,0.505,0.466,0.186,2024-12-23 04:37:25.728969,1.0
1c169f31-8e4e-4de3-84cf-fcd9d228704b,Level 130,Player 10,normal,6.4,698,70,278,"puzzle,technical",0.793,0.117,0.056,0.274,2024-12-23 04:37:25.728969,1.0
d373ecc2-0851-4b70-86fb-937b76f3b1fc,Level 131,Player 1,hard,78.34,680,40,197,"platformer,speedrun",0.989,0.322,0.95,0.241,2024-12-23 04:37:25.728969,1.0
632fbca1-e618-4b73-a8e2-79b1e4941c79,Level 132,Player 2,expert,43.86,814,95,497,"puzzle,technical",0.597,0.051,0.898,0.285,2024-12-23 04:37:25.728969,1.0
7d2d5215-d3c5-465a-ac9b-5506557eb46f,Level 133,Player 3,easy,10.64,109,10,240,"platformer,speedrun",0.728,0.428,0.869,0.394,2024-12-23 04:37:25.728969,1.0
abbdf991-b830-413f-8989-a895b5ca0ce1,Level 134,Player 4,normal,47.25,303,58,445,"puzzle,technical",0.668,0.666,0.509,0.903,2024-12-23 04:37:25.728969,1.0
58503f1c-aefe-4c1e-888a-8ebeef745b9e,Level 135,Player 5,hard,41.87,784,16,440,"platformer,speedrun",0.09,0.572,0.694,0.032,2024-12-23 04:37:25.728969,1.0
6de1a325-ef0d-44ef-87ff-2532bf1c39eb,Level 136,Player 6,expert,25.46,591,92,385,"puzzle,technical",0.265,0.234,0.704,0.78,2024-12-23 04:37:25.728969,1.0
8d198ae9-b4cf-4bc9-87c3-39b73643c456,Level 137,Player 7,easy,38.2,653,72,83,"platformer,speedrun",0.63,0.223,0.803,0.963,2024-12-23 04:37:25.728969,1.0
3955fc6f-954a-4315-9e5e-4dc6becdf045,Level 138,Player 8,normal,3.33,915,49,490,"puzzle,technical",0.558,0.702,0.856,0.173,2024-12-23 04:37:25.728969,1.0
efbb302d-815c-4014-8496-2ef2b3a60930,Level 139,Player 9,hard,44.9,311,19,235,"platformer,speedrun",0.804,0.835,0.822,0.779,2024-12-23 04:37:25.728969,1.0
e1ef5454-8af1-4bc9-b910-7a29193926d2,Level 140,Player 10,expert,93.27,432,88,168,"puzzle,technical",0.232,0.798,0.707,0.55,2024-12-23 04:37:25.728969,1.0
92234685-95a5-4c43-99bc-50052470ebf3,Level 141,Player 1,easy,92.25,43,85,271,"platformer,speedrun",0.654,0.461,0.844,0.238,2024-12-23 04:37:25.728969,1.0
48b7e77a-4f2a-41f7-bd59-cc72cf973340,Level 142,Player 2,normal,35.66,827,58,205,"puzzle,technical",0.783,0.778,0.145,0.97,2024-12-23 04:37:25.728969,1.0
40a8323a-de8c-403f-9f16-646fb085e746,Level 143,Player 3,hard,76.71,971,45,2,"platformer,speedrun",0.844,0.579,0.727,0.909,2024-12-23 04:37:25.728969,1.0
11d0734f-1b01-4266-8bca-e5ae60c5f09f,Level 144,Player 4,expert,41.44,258,98,8,"puzzle,technical",0.94,0.922,0.07,0.341,2024-12-23 04:37:25.728969,1.0
b49321b8-aa6f-49ca-a267-2f1674499529,Level 145,Player 5,easy,47.08,821,60,443,"platformer,speedrun",0.741,0.437,0.805,0.119,2024-12-23 04:37:25.728969,1.0
98851a1c-91f2-429b-8713-29eb2dbba009,Level 146,Player 6,normal,26.35,526,6,214,"puzzle,technical",0.763,0.056,0.442,0.283,2024-12-23 04:37:25.728969,1.0
abca304c-ef20-4c85-ac23-5c8ef50154c6,Level 147,Player 7,hard,24.61,925,30,461,"platformer,speedrun",0.823,0.851,0.276,0.088,2024-12-23 04:37:25.728969,1.0
a4c14d5f-9040-45e3-93d4-ceb8a9fd1e47,Level 148,Player 8,expert,69.34,677,26,385,"puzzle,technical",0.359,0.525,0.174,0.521,2024-12-23 04:37:25.728969,1.0
d5cc1db5-d8d0-4c85-8938-cd173b4cdedc,Level 149,Player 9,easy,10.49,876,62,429,"platformer,speedrun",0.517,0.781,0.275,0.982,2024-12-23 04:37:25.728969,1.0
7c12389a-9215-400c-9ba9-90e2ee7ba2c6,Level 150,Player 10,normal,31.99,331,94,394,"puzzle,technical",0.033,0.24,0.859,0.449,2024-12-23 04:37:25.728969,1.0
9eff6181-7c16-48c3-a057-c1a78710b71e,Level 151,Player 1,hard,48.72,595,44,484,"platformer,speedrun",0.767,0.8,0.112,0.805,2024-12-23 04:37:25.728969,1.0
30fec25c-5740-4c19-90b4-7808428a85bd,Level 152,Player 2,expert,93.12,252,47,425,"puzzle,technical",0.565,0.977,0.756,0.902,2024-12-23 04:37:25.728969,1.0
60260a3d-c75f-464c-973b-1cdc519dda99,Level 153,Player 3,easy,43.7,925,56,251,"platformer,speedrun",0.284,0.697,0.04,0.17,2024-12-23 04:37:25.728969,1.0
feeb6521-7919-4b23-b3a7-ad1635add6eb,Level 154,Player 4,normal,86.66,971,26,347,"puzzle,technical",0.417,0.511,0.343,0.161,2024-12-23 04:37:25.728969,1.0
f2414af5-f851-4d72-8f4a-7bd51dc1e3de,Level 155,Player 5,hard,37.85,797,84,487,"platformer,speedrun",0.694,0.758,0.43,0.16,2024-12-23 04:37:25.728969,1.0
a034413f-0056-4b9a-80eb-21069f61babd,Level 156,Player 6,expert,95.51,112,62,237,"puzzle,technical",0.407,0.409,0.133,0.093,2024-12-23 04:37:25.728969,1.0
6f8db03f-2658-4fa7-94df-e2487093c02c,Level 157,Player 7,easy,0.23,288,9,180,"platformer,speedrun",0.861,0.199,0.279,0.181,2024-12-23 04:37:25.728969,1.0
fc544d61-34f1-4611-998f-46f1e5a27c14,Level 158,Player 8,normal,6.61,745,77,357,"puzzle,technical",0.825,0.882,0.211,0.388,2024-12-23 04:37:25.728969,1.0
49738d68-a65e-44fb-9588-6c81a4ae2215,Level 159,Player 9,hard,90.85,621,47,155,"platformer,speedrun",0.82,0.019,0.025,0.134,2024-12-23 04:37:25.728969,1.0
e40fba35-5146-4e43-86b8-942f14748e03,Level 160,Player 10,expert,37.15,785,77,494,"puzzle,technical",0.951,0.846,0.317,0.744,2024-12-23 04:37:25.728969,1.0
cb0b9f59-56ce-436e-8c96-fc390fa18d02,Level 161,Player 1,easy,85.14,737,88,49,"platformer,speedrun",0.656,0.78,0.034,0.622,2024-12-23 04:37:25.728969,1.0
78b18a5d-e416-4b86-8007-1a7f0375f14a,Level 162,Player 2,normal,44.53,871,47,4,"puzzle,technical",0.109,0.027,0.842,0.673,2024-12-23 04:37:25.728969,1.0
ded0be71-6332-4294-9299-1d1c1ae35f3e,Level 163,Player 3,hard,81.07,200,94,74,"platformer,speedrun",0.018,0.774,0.018,0.764,2024-12-23 04:37:25.728969,1.0
ccd4b0da-6ccb-4429-9e1f-cf431423c130,Level 164,Player 4,expert,46.6,416,18,307,"puzzle,technical",0.333,0.494,0.9,0.017,2024-12-23 04:37:25.728969,1.0
e1f8c4f6-6199-487f-9214-1a7755977107,Level 165,Player 5,easy,53.15,258,88,251,"platformer,speedrun",0.728,0.982,0.916,0.411,2024-12-23 04:37:25.728969,1.0
9e83d0f3-a54b-4d37-aeef-d3b2b1bd879b,Level 166,Player 6,normal,59.42,346,46,132,"puzzle,technical",0.407,0.395,0.128,0.907,2024-12-23 04:37:25.728969,1.0
cf09f52d-711b-4b28-8520-a73509729bda,Level 167,Player 7,hard,14.01,503,11,27,"platformer,speedrun",0.276,0.503,0.445,0.447,2024-12-23 04:37:25.728969,1.0
15e5487e-129f-48a3-a27a-799b788de943,Level 168,Player 8,expert,21.49,533,94,86,"puzzle,technical",0.724,0.831,0.852,0.43,2024-12-23 04:37:25.728969,1.0
d7439f52-3af5-4238-89be-eae12b03718d,Level 169,Player 9,easy,62.05,714,87,471,"platformer,speedrun",0.542,0.045,0.263,0.043,2024-12-23 04:37:25.728969,1.0
640dcfa6-296b-47bd-9a20-a5bfce15f19d,Level 170,Player 10,normal,36.51,208,67,279,"puzzle,technical",0.789,0.406,0.479,0.519,2024-12-23 04:37:25.728969,1.0
e17712a4-6873-4278-923c-bcd7bcb8449d,Level 171,Player 1,hard,21.15,610,14,173,"platformer,speedrun",0.568,0.554,0.454,0.122,2024-12-23 04:37:25.728969,1.0
7d9e7843-8395-46f6-8820-76f015f82e9d,Level 172,Player 2,expert,42.44,68,5,328,"puzzle,technical",0.231,0.668,0.666,0.55,2024-12-23 04:37:25.728969,1.0
dc9177cf-c565-4329-b65f-061574d4b854,Level 173,Player 3,easy,91.4,238,56,474,"platformer,speedrun",0.992,0.78,0.424,0.558,2024-12-23 04:37:25.728969,1.0
2278d55f-e8c4-4dd9-ba52-c84d8f1ce071,Level 174,Player 4,normal,32.42,979,53,320,"puzzle,technical",0.366,0.137,0.767,0.406,2024-12-23 04:37:25.728969,1.0
7ab051c9-e38f-4d60-a1bf-6ba1208b7ea2,Level 175,Player 5,hard,43.61,548,73,184,"platformer,speedrun",0.291,0.002,0.407,0.537,2024-12-23 04:37:25.728969,1.0
3014460a-eaa7-4fe2-937d-88c5062ad7ba,Level 176,Player 6,expert,50.73,768,60,455,"puzzle,technical",0.475,0.673,0.307,0.172,2024-12-23 04:37:25.728969,1.0
8e736a8b-6791-4b53-a260-5186d4c6cf80,Level 177,Player 7,easy,0.52,601,1,449,"platformer,speedrun",0.103,0.494,0.428,0.782,2024-12-23 04:37:25.728969,1.0
0f2ea62f-f1e1-4034-9063-7ca39135fde6,Level 178,Player 8,normal,66.16,739,91,88,"puzzle,technical",0.782,0.929,0.454,0.696,2024-12-23 04:37:25.728969,1.0
bd346585-bca6-4e82-8d1f-b1cb5bd51335,Level 179,Player 9,hard,53.5,34,7,369,"platformer,speedrun",0.46,0.31,0.649,0.536,2024-12-23 04:37:25.728969,1.0
2a3352da-377f-4661-b2ad-9103fed0d189,Level 180,Player 10,expert,77.92,543,75,426,"puzzle,technical",0.317,0.604,0.762,0.011,2024-12-23 04:37:25.728969,1.0
5c515f95-2abe-4c81-988e-dc3c37564e37,Level 181,Player 1,easy,91.0,427,48,96,"platformer,speedrun",0.177,0.138,0.313,0.937,2024-12-23 04:37:25.728969,1.0
4d828271-f242-498a-8c01-f3d47df0f3ef,Level 182,Player 2,normal,37.56,963,93,185,"puzzle,technical",0.803,0.54,0.647,0.069,2024-12-23 04:37:25.728969,1.0
815d0bd9-e341-4213-8285-278d75f943da,Level 183,Player 3,hard,0.09,343,23,404,"platformer,speedrun",0.625,0.161,0.31,0.568,2024-12-23 04:37:25.728969,1.0
866f1e70-f0e2-441f-84f5-5b4d2ae172c1,Level 184,Player 4,expert,5.19,626,92,180,"puzzle,technical",0.111,0.228,0.512,0.28,2024-12-23 04:37:25.728969,1.0
82e986f7-2d8d-4233-8af9-d2849afcab53,Level 185,Player 5,easy,27.05,958,85,452,"platformer,speedrun",0.008,0.994,0.089,0.374,2024-12-23 04:37:25.728969,1.0
911a641e-db32-41e0-b5e3-7c0284b8876b,Level 186,Player 6,normal,69.54,971,44,482,"puzzle,technical",0.287,0.895,0.893,0.79,2024-12-23 04:37:25.728969,1.0
8cafb822-12fc-4101-a819-15c627f3524d,Level 187,Player 7,hard,19.32,661,95,352,"platformer,speedrun",0.028,0.894,0.977,0.012,2024-12-23 04:37:25.728969,1.0
bfdfcc48-babf-45e3-9e5b-642c6a7945e0,Level 188,Player 8,expert,35.13,588,60,396,"puzzle,technical",0.783,0.112,0.768,0.761,2024-12-23 04:37:25.728969,1.0
62984c2e-401d-48f6-87df-3b276275d5d3,Level 189,Player 9,easy,13.73,73,41,78,"platformer,speedrun",0.339,0.528,0.278,0.876,2024-12-23 04:37:25.728969,1.0
0aa97515-e302-42da-8442-88e8e1fefaa4,Level 190,Player 10,normal,8.97,851,28,256,"puzzle,technical",0.89,0.841,0.788,0.49,2024-12-23 04:37:25.728969,1.0
528a70e4-b470-4837-b0a1-5760c5692aff,Level 191,Player 1,hard,91.44,105,63,340,"platformer,speedrun",0.712,0.951,0.866,0.525,2024-12-23 04:37:25.728969,1.0
06d0049d-d21a-4a2a-9330-d78ef87576e6,Level 192,Player 2,expert,89.18,268,75,408,"puzzle,technical",0.232,0.076,0.649,0.646,2024-12-23 04:37:25.728969,1.0
83f362dd-ea85-4bb0-9603-dc408562c309,Level 193,Player 3,easy,99.02,163,48,134,"platformer,speedrun",0.296,0.977,0.325,0.929,2024-12-23 04:37:25.728969,1.0
64ed47ed-e8d6-4667-8539-48863099f523,Level 194,Player 4,normal,12.58,326,57,185,"puzzle,technical",0.772,0.137,0.369,0.698,2024-12-23 04:37:25.728969,1.0
b0be1323-14ce-4885-b72c-c2de703999a9,Level 195,Player 5,hard,49.1,42,97,320,"platformer,speedrun",0.939,0.928,0.206,0.74,2024-12-23 04:37:25.728969,1.0
48609bb4-14d1-48e2-9765-915353d8f79b,Level 196,Player 6,expert,47.03,454,14,214,"puzzle,technical",0.227,0.775,0.466,0.667,2024-12-23 04:37:25.728969,1.0
7d98ecc6-76b9-4595-8873-7c7c3a3f5ddf,Level 197,Player 7,easy,28.75,706,94,290,"platformer,speedrun",0.112,0.521,0.541,0.17,2024-12-23 04:37:25.728969,1.0
4eeb7397-da3d-4cca-8797-d71eb91b31c2,Level 198,Player 8,normal,61.59,558,43,205,"puzzle,technical",0.812,0.48,0.263,0.328,2024-12-23 04:37:25.728969,1.0
c44b3dbc-35a4-4751-8e0b-746be8b97b87,Level 199,Player 9,hard,88.16,274,30,357,"platformer,speedrun",0.523,0.009,0.468,0.868,2024-12-23 04:37:25.728969,1.0
8b71cace-2eec-4a0b-bde9-22cfe30cabd7,Level 200,Player 10,expert,27.34,220,47,339,"puzzle,technical",0.722,0.274,0.066,0.984,2024-12-23 04:37:25.728969,1.0
5b571ad9-ce51-4290-8cf7-f05d14b4315b,Level 201,Player 1,easy,14.25,157,55,144,"platformer,speedrun",0.621,0.595,0.678,0.529,2024-12-23 04:37:25.728969,1.0
b2111e99-186c-4de0-aa18-22afe8476c12,Level 202,Player 2,normal,80.48,420,49,429,"puzzle,technical",0.398,0.88,0.524,0.031,2024-12-23 04:37:25.728969,1.0
3a6f097e-3082-45a8-ab3d-fec8e94c7974,Level 203,Player 3,hard,72.74,736,50,488,"platformer,speedrun",0.083,0.242,0.639,0.466,2024-12-23 04:37:25.728969,1.0
eb9948d1-f274-4d71-8d9e-736796ab23e5,Level 204,Player 4,expert,91.65,527,62,190,"puzzle,technical",0.844,0.85,0.031,0.375,2024-12-23 04:37:25.728969,1.0
70f287b4-c262-4fd3-90ce-d7b60a74a6a2,Level 205,Player 5,easy,86.87,292,5,345,"platformer,speedrun",0.394,0.096,0.686,0.12,2024-12-23 04:37:25.728969,1.0
7e699932-3c3e-45ac-b1a1-d7d99420cd6f,Level 206,Player 6,normal,93.02,314,55,133,"puzzle,technical",0.226,0.212,0.643,0.653,2024-12-23 04:37:25.728969,1.0
43be9ef7-b515-4481-b966-3a27376ceccd,Level 207,Player 7,hard,73.38,657,59,178,"platformer,speedrun",0.398,0.155,0.576,0.869,2024-12-23 04:37:25.728969,1.0
0f5ba93f-1c2d-4ba5-920f-6ee9ed29c646,Level 208,Player 8,expert,3.2,646,44,101,"puzzle,technical",0.219,0.624,0.08,0.345,2024-12-23 04:37:25.728969,1.0
5633dfe2-8afe-4953-89a5-cb2139afcfb2,Level 209,Player 9,easy,66.82,515,35,256,"platformer,speedrun",0.557,0.497,0.388,0.636,2024-12-23 04:37:25.728969,1.0
2e594165-e97b-4a44-b9ed-f83eaa52e200,Level 210,Player 10,normal,2.9,187,60,159,"puzzle,technical",0.02,0.208,0.598,0.84,2024-12-23 04:37:25.728969,1.0
38b47062-ca56-429f-afc5-0840ebea97e1,Level 211,Player 1,hard,36.22,936,41,277,"platformer,speedrun",0.074,0.724,0.898,0.957,2024-12-23 04:37:25.728969,1.0
8448535e-743b-48f8-8237-8b1b2dd76da1,Level 212,Player 2,expert,58.66,541,89,499,"puzzle,technical",0.568,0.073,0.382,0.703,2024-12-23 04:37:25.728969,1.0
5931cd97-8c5b-454e-a23f-39bae9431c3f,Level 213,Player 3,easy,64.51,969,50,233,"platformer,speedrun",0.401,0.382,0.687,0.418,2024-12-23 04:37:25.728969,1.0
9ef33ff9-7c76-4267-9c59-988568e94a42,Level 214,Player 4,normal,10.53,572,69,183,"puzzle,technical",0.001,0.988,0.851,0.972,2024-12-23 04:37:25.728969,1.0
c2abf3f1-752d-4c3e-ab97-176fd9bb1295,Level 215,Player 5,hard,65.29,293,92,396,"platformer,speedrun",0.118,0.786,0.717,0.083,2024-12-23 04:37:25.728969,1.0
aeb809ec-0706-4ae2-927b-6add6c0c9b44,Level 216,Player 6,expert,98.5,717,71,152,"puzzle,technical",0.74,0.022,0.643,0.356,2024-12-23 04:37:25.728969,1.0
b470e05f-197f-463c-8287-ceb1afd64689,Level 217,Player 7,easy,93.69,126,53,257,"platformer,speedrun",0.706,0.785,0.699,0.298,2024-12-23 04:37:25.728969,1.0
196f3196-1124-4cd1-a13f-f2e0896ccad3,Level 218,Player 8,normal,8.98,280,97,252,"puzzle,technical",0.932,0.319,0.219,0.467,2024-12-23 04:37:25.728969,1.0
ec64494c-ecc8-46ae-a6a1-e62cc1ed49f3,Level 219,Player 9,hard,5.56,286,42,151,"platformer,speedrun",0.571,0.543,0.755,0.716,2024-12-23 04:37:25.728969,1.0
55bdc400-6b0c-4b92-9ada-02967cf76ff9,Level 220,Player 10,expert,67.99,87,45,299,"puzzle,technical",0.524,0.108,0.612,0.178,2024-12-23 04:37:25.728969,1.0
c3aeaed9-464d-4b1b-8b19-2754c5910b53,Level 221,Player 1,easy,77.58,413,96,80,"platformer,speedrun",0.244,0.706,0.028,0.912,2024-12-23 04:37:25.728969,1.0
4475ac95-ca57-4043-b726-0f9146aef9d3,Level 222,Player 2,normal,98.01,188,43,284,"puzzle,technical",0.905,0.018,0.332,0.241,2024-12-23 04:37:25.728969,1.0
54bd7e28-c494-4f9a-bc9e-a6bc83adbf15,Level 223,Player 3,hard,21.11,502,17,368,"platformer,speedrun",0.155,0.492,0.797,0.654,2024-12-23 04:37:25.728969,1.0
57a6b010-4142-4e5a-b902-5ad83179ecad,Level 224,Player 4,expert,36.39,721,37,18,"puzzle,technical",0.706,0.542,0.754,0.597,2024-12-23 04:37:25.728969,1.0
3150f4e1-4379-4a16-ad37-a8e2badb6a74,Level 225,Player 5,easy,60.62,809,69,133,"platformer,speedrun",0.138,0.069,0.379,0.082,2024-12-23 04:37:25.728969,1.0
d0e8d36a-6398-46fe-be12-44df86174062,Level 226,Player 6,normal,18.0,662,75,397,"puzzle,technical",0.396,0.796,0.502,0.533,2024-12-23 04:37:25.728969,1.0
d1dafaa1-db8c-4226-b8f3-aebf02ca9d76,Level 227,Player 7,hard,47.47,581,17,62,"platformer,speedrun",0.061,0.688,0.085,0.325,2024-12-23 04:37:25.728969,1.0
d1e38b1e-04e6-42ac-bb80-5328d1befeca,Level 228,Player 8,expert,53.02,787,86,241,"puzzle,technical",0.329,0.487,0.989,0.925,2024-12-23 04:37:25.728969,1.0
321d9272-0ae3-4d42-aa01-556e6d07a6bc,Level 229,Player 9,easy,91.02,410,49,12,"platformer,speedrun",0.126,0.939,0.581,0.32,2024-12-23 04:37:25.728969,1.0
6e5adaa5-e7f1-439d-98e7-d2ab07820c8d,Level 230,Player 10,normal,70.64,976,67,225,"puzzle,technical",0.67,0.023,0.76,0.364,2024-12-23 04:37:25.728969,1.0
7f428d50-39e0-4c86-99fe-cdd48bb87ede,Level 231,Player 1,hard,93.36,495,27,459,"platformer,speedrun",0.174,0.541,0.761,0.966,2024-12-23 04:37:25.728969,1.0
24e1e49f-db81-4167-8b7d-692ad8284a5f,Level 232,Player 2,expert,25.7,160,72,121,"puzzle,technical",0.787,0.883,0.204,0.181,2024-12-23 04:37:25.728969,1.0
cc9ab7e4-5e1b-4518-a44d-3928da3843c0,Level 233,Player 3,easy,10.66,749,60,431,"platformer,speedrun",0.209,0.023,0.625,0.829,2024-12-23 04:37:25.728969,1.0
420c2a65-55a9-4b51-89d7-aa26a2108886,Level 234,Player 4,normal,96.33,461,98,277,"puzzle,technical",0.139,0.573,0.957,0.877,2024-12-23 04:37:25.728969,1.0
98200d66-7c83-4aa8-82b8-67f2d888a25a,Level 235,Player 5,hard,26.31,126,34,34,"platformer,speedrun",0.794,0.309,0.319,0.733,2024-12-23 04:37:25.728969,1.0
b8a39d99-2641-4e0e-8f14-31655ca7bc72,Level 236,Player 6,expert,65.49,112,64,475,"puzzle,technical",0.175,0.006,0.856,0.371,2024-12-23 04:37:25.728969,1.0
ceb6b093-dd96-4a2a-9de2-92ca8406fc7c,Level 237,Player 7,easy,29.89,764,23,270,"platformer,speedrun",0.617,0.159,0.783,0.372,2024-12-23 04:37:25.728969,1.0
aea07684-08d2-475c-8501-b329a8a5c781,Level 238,Player 8,normal,40.13,294,5,194,"puzzle,technical",0.304,0.735,0.035,0.988,2024-12-23 04:37:25.728969,1.0
4eba4b9f-06fc-439e-a730-3f96cddaa03e,Level 239,Player 9,hard,19.18,93,10,100,"platformer,speedrun",0.367,0.27,0.023,0.169,2024-12-23 04:37:25.728969,1.0
f8065d10-9d3f-416a-8f21-371798890098,Level 240,Player 10,expert,22.13,231,82,197,"puzzle,technical",0.292,0.305,0.626,0.331,2024-12-23 04:37:25.728969,1.0
26a13cd2-e851-4532-8026-9f3223eb87b5,Level 241,Player 1,easy,29.6,695,32,267,"platformer,speedrun",0.001,0.358,0.787,0.507,2024-12-23 04:37:25.728969,1.0
80abf88f-a7f6-4b9b-8808-5d06223763e8,Level 242,Player 2,normal,23.67,18,84,155,"puzzle,technical",0.296,0.953,0.742,0.141,2024-12-23 04:37:25.728969,1.0
fe11a558-9cca-4781-8c7a-10e3451e9a75,Level 243,Player 3,hard,52.56,384,70,245,"platformer,speedrun",0.126,0.308,0.65,0.913,2024-12-23 04:37:25.728969,1.0
f18619e6-ec98-40fd-82b9-1608d6bf8d83,Level 244,Player 4,expert,78.19,274,70,47,"puzzle,technical",0.196,0.547,0.539,0.022,2024-12-23 04:37:25.728969,1.0
7a1fc532-088c-44a7-b8c2-471c419545c3,Level 245,Player 5,easy,67.68,667,32,75,"platformer,speedrun",0.382,0.048,0.636,0.177,2024-12-23 04:37:25.728969,1.0
9d536127-d1d5-465f-97c1-95897af55e32,Level 246,Player 6,normal,13.65,579,99,324,"puzzle,technical",0.289,0.669,0.488,0.603,2024-12-23 04:37:25.728969,1.0
50f3e12d-cd18-44c8-887b-fdf6a3ca3dd0,Level 247,Player 7,hard,25.36,635,45,4,"platformer,speedrun",0.983,0.262,0.442,0.707,2024-12-23 04:37:25.728969,1.0
9cdea826-0dc8-4db8-812c-d35627978cb6,Level 248,Player 8,expert,46.95,578,27,184,"puzzle,technical",0.635,0.244,0.504,0.407,2024-12-23 04:37:25.728969,1.0
f12f48e1-67da-440e-b8f5-14a9d79f1488,Level 249,Player 9,easy,23.06,101,17,361,"platformer,speedrun",0.569,0.244,0.946,0.546,2024-12-23 04:37:25.728969,1.0
9423bc5b-3018-4c34-aec6-0ad1e55aa4ab,Level 250,Player 10,normal,21.42,146,51,82,"puzzle,technical",0.241,0.745,0.788,0.077,2024-12-23 04:37:25.728969,1.0
64671418-e335-429e-a142-25dbd07293ab,Level 251,Player 1,hard,95.09,821,98,251,"platformer,speedrun",0.42,0.434,0.451,0.167,2024-12-23 04:37:25.728969,1.0
b75a3d0c-3968-4e76-8595-8f0cbdbcd76a,Level 252,Player 2,expert,1.72,127,76,137,"puzzle,technical",0.038,0.868,0.767,0.287,2024-12-23 04:37:25.728969,1.0
600f6b6b-dc1f-49a7-80a0-8426fec3d1f0,Level 253,Player 3,easy,57.8,779,14,346,"platformer,speedrun",0.939,0.952,0.714,0.663,2024-12-23 04:37:25.728969,1.0
c03cf477-0f9d-40b9-b52c-637aee2db596,Level 254,Player 4,normal,59.56,140,72,30,"puzzle,technical",0.785,0.384,1.0,0.662,2024-12-23 04:37:25.728969,1.0
1b0d8fa5-6dd6-420d-bf28-bf7e3bd7e48a,Level 255,Player 5,hard,2.09,388,84,244,"platformer,speedrun",0.05,0.259,0.823,0.645,2024-12-23 04:37:25.728969,1.0
5538c961-f63b-45a8-b8bc-db87dd06e15e,Level 256,Player 6,expert,40.6,239,36,491,"puzzle,technical",0.35,0.187,0.661,0.377,2024-12-23 04:37:25.728969,1.0
21cf9335-519e-4787-a56d-1906c655223a,Level 257,Player 7,easy,63.83,988,89,499,"platformer,speedrun",0.615,0.309,0.067,0.539,2024-12-23 04:37:25.728969,1.0
9e6c1565-4e74-4e84-8206-914c43363cf1,Level 258,Player 8,normal,43.0,256,63,68,"puzzle,technical",0.351,0.422,0.909,0.743,2024-12-23 04:37:25.728969,1.0
7eacb63c-644b-438a-ba90-7392a2c03607,Level 259,Player 9,hard,24.0,124,47,233,"platformer,speedrun",0.091,0.688,0.386,0.133,2024-12-23 04:37:25.728969,1.0
7e1747cb-5092-44f3-b4c3-4d8e0b585c22,Level 260,Player 10,expert,71.37,969,25,245,"puzzle,technical",0.845,0.361,0.5,0.164,2024-12-23 04:37:25.728969,1.0
7fd3b1c6-38c2-4064-aec2-118a9f6a3459,Level 261,Player 1,easy,96.18,349,64,109,"platformer,speedrun",0.8,0.581,0.744,0.947,2024-12-23 04:37:25.728969,1.0
295edb03-c346-43fe-84e5-0defc31cbd99,Level 262,Player 2,normal,67.1,234,60,400,"puzzle,technical",0.463,0.099,0.509,0.387,2024-12-23 04:37:25.728969,1.0
cd421f1b-75c7-4828-8da4-97ed7cf90790,Level 263,Player 3,hard,42.44,931,26,123,"platformer,speedrun",0.793,0.282,0.548,0.349,2024-12-23 04:37:25.728969,1.0
0ffc35ce-1076-4abd-9918-1c7509d67c37,Level 264,Player 4,expert,70.69,318,21,11,"puzzle,technical",0.855,0.191,0.61,0.428,2024-12-23 04:37:25.728969,1.0
2c9de06b-355b-4bb5-93f5-aea841399e5a,Level 265,Player 5,easy,87.21,272,97,446,"platformer,speedrun",0.732,0.693,0.618,0.689,2024-12-23 04:37:25.728969,1.0
a1684ace-957b-4772-9141-b537156ff13d,Level 266,Player 6,normal,51.99,751,18,191,"puzzle,technical",0.562,0.296,0.471,0.103,2024-12-23 04:37:25.728969,1.0
c20c19b7-23b5-4142-aa34-5dfa9b64a341,Level 267,Player 7,hard,54.18,912,97,240,"platformer,speedrun",0.1,0.741,0.736,0.108,2024-12-23 04:37:25.728969,1.0
