{
  "levels": [
    {
      "level_id": "1cc6aa85-f6a2-4ebe-81bc-8761523fda30",
      "title": "Level 1",
      "maker": "Player 1",
      "difficulty": "easy",
      "clear_rate": 39.3,
      "attempts": 114,
      "clears": 66,
      "likes": 139,
      "tags": [
        "platformer",
        "speedrun"
      ],
      "completion_rate": 0.063,
      "difficulty_score": 0.937,
      "popularity_score": 0.882,
      "engagement_score": 0.226
    },
    {
      "level_id": "7a6406d7-4acc-4c24-abb9-b06b6c0afee8",
      "title": "Level 2",
      "maker": "Player 2",
      "difficulty": "normal",
      "clear_rate": 33.4,
      "attempts": 882,
      "clears": 57,
      "likes": 457,
      "tags": [
        "puzzle",
        "technical"
      ],
      "completion_rate": 0.042,
      "difficulty_score": 0.255,
      "popularity_score": 0.667,
      "engagement_score": 0.78
    },
    {
      "level_id": "7c3a4bbe-03e8-4b14-b63f-12dc4d9dd2e1",
      "title": "Level 3",
      "maker": "Player 3",
      "difficulty": "hard",
      "clear_rate": 92.94,
      "attempts": 354,
      "clears": 40,
      "likes": 59,
      "tags": [
        "platformer",
        "speedrun"
      ],
      "completion_rate": 0.826,
      "difficulty_score": 0.73,
      "popularity_score": 0.472,
      "engagement_score": 0.928
    },
    {
      "level_id": "241e8b27-868f-4c92-b3fa-9fcc01ec6ab4",
      "title": "Level 4",
      "maker": "Player 4",
      "difficulty": "expert",
      "clear_rate": 82.49,
      "attempts": 449,
      "clears": 64,
      "likes": 392,
      "tags": [
        "puzzle",
        "technical"
      ],
      "completion_rate": 0.177,
      "difficulty_score": 0.571,
      "popularity_score": 0.88,
      "engagement_score": 0.569
    },
    {
      "level_id": "65a34e7c-6ed7-4454-99d7-aafe80fd26f1",
      "title": "Level 5",
      "maker": "Player 5",
      "difficulty": "easy",
      "clear_rate": 83.89,
      "attempts": 715,
      "clears": 76,
      "likes": 259,
      "tags": [
        "platformer",
        "speedrun"
      ],
      "completion_rate": 0.096,
      "difficulty_score": 0.456,
      "popularity_score": 0.997,
      "engagement_score": 0.148
    },
    {
      "level_id": "4e4f0a0d-5258-41d4-a83f-9568d7142a99",
      "title": "Level 6",
      "maker": "Player 6",
      "difficulty": "normal",
      "clear_rate": 9.75,
      "attempts": 756,
      "clears": 9,
      "likes": 394,
      "tags": [
        "puzzle",
        "technical"
      ],
      "completion_rate": 0.092,
      "difficulty_score": 0.4,
      "popularity_score": 0.442,
      "engagement_score": 0.449
    },
    {
      "level_id": "f7a29f9b-6343-44c3-bbaf-6d7c8f2306e0",
      "title": "Level 7",
      "maker": "Player 7",
      "difficulty": "hard",
      "clear_rate": 80.08,
      "attempts": 166,
      "clears": 94,
      "likes": 128,
      "tags": [
        "platformer",
        "speedrun"
      ],
      "completion_rate": 0.858,
      "difficulty_score": 0.687,
      "popularity_score": 0.383,
      "engagement_score": 0.181
    },
    {
      "level_id": "b5879577-c4c1-4893-bfcf-6d155d12a281",
      "title": "Level 8",
      "maker": "Player 8",
      "difficulty": "expert",
      "clear_rate": 62.2,
      "attempts": 99,
      "clears": 68,
      "likes": 299,
      "tags": [
        "puzzle",
        "technical"
      ],
      "completion_rate": 0.24,
      "difficulty_score": 0.69,
      "popularity_score": 0.435,
      "engagement_score": 0.266
    },
    {
      "level_id": "10336ed7-c2ec-4701-aaf7-edae578c7ccd",
      "title": "Level 9",
      "maker": "Player 9",
      "difficulty": "easy",
      "clear_rate": 10.69,
      "attempts": 841,
      "clears": 37,
      "likes": 370,
      "tags": [
        "platformer",
        "speedrun"
      ],
      "completion_rate": 0.258,
      "difficulty_score": 0.597,
      "popularity_score": 0.674,
      "engagement_score": 0.725
    },
    {
      "level_id": "fab345fd-42c4-4e8a-9acb-92994eaa425e",
      "title": "Level 10",
      "maker": "Player 10",
      "difficulty": "normal",
      "clear_rate": 14.89,
      "attempts": 208,
      "clears": 81,
      "likes": 81,
      "tags": [
        "puzzle",
        "technical"
      ],
      "completion_rate": 0.611,
      "difficulty_score": 0.984,
      "popularity_score": 0.027,
      "engagement_score": 0.983
    },
    {
      "level_id": "b3b5a5ac-e982-4939-a5dc-82a376681a06",
      "title": "Level 11",
      "maker": "Player 1",
      "difficulty": "hard",
      "clear_rate": 2.83,
      "attempts": 81,
      "clears": 3,
      "likes": 292,
      "tags": [
        "platformer",
        "speedrun"
      ],
      "completion_rate": 0.096,
      "difficulty_score": 0.569,
      "popularity_score": 0.038,
      "engagement_score": 0.512
    },
    {
      "level_id": "727eecaa-2d69-465e-b9bb-d01272708027",
      "title": "Level 12",
      "maker": "Player 2",
      "difficulty": "expert",
      "clear_rate": 67.58,
      "attempts": 343,
      "clears": 76,
      "likes": 9,
      "tags": [
        "puzzle",
        "technical"
      ],
      "completion_rate": 0.454,
      "difficulty_score": 0.083,
      "popularity_score": 0.796,
      "engagement_score": 0.756
    },
    {
      "level_id": "51e40d69-8db9-4f39-9823-a1ff82b5680b",
      "title": "Level 13",
      "maker": "Player 3",
      "difficulty": "easy",
      "clear_rate": 11.6,
      "attempts": 169,
      "clears": 59,
      "likes": 354,
      "tags": [
        "platformer",
        "speedrun"
      ],
      "completion_rate": 0.484,
      "difficulty_score": 0.588,
      "popularity_score": 0.36,
      "engagement_score": 0.718
    },
    {
      "level_id": "8b257088-8d04-4867-8550-55cbe9de210f",
      "title": "Level 14",
      "maker": "Player 4",
      "difficulty": "normal",
      "clear_rate": 12.56,
      "attempts": 893,
      "clears": 17,
      "likes": 202,
      "tags": [
        "puzzle",
        "technical"
      ],
      "completion_rate": 0.945,
      "difficulty_score": 0.403,
      "popularity_score": 0.119,
      "engagement_score": 0.039
    },
    {
      "level_id": "1a6da8f7-eb3e-4c7f-8346-2e3987b22853",
      "title": "Level 15",
      "maker": "Player 5",
      "difficulty": "hard",
      "clear_rate": 4.91,
      "attempts": 910,
      "clears": 55,
      "likes": 243,
      "tags": [
        "platformer",
        "speedrun"
      ],
      "completion_rate": 0.317,
      "difficulty_score": 0.598,
      "popularity_score": 0.091,
      "engagement_score": 0.783
    },
    {
      "level_id": "9329d154-d483-4e23-af7a-e544192b178a",
      "title": "Level 16",
      "maker": "Player 6",
      "difficulty": "expert",
      "clear_rate": 5.22,
      "attempts": 579,
      "clears": 54,
      "likes": 175,
      "tags": [
        "puzzle",
        "technical"
      ],
      "completion_rate": 0.413,
      "difficulty_score": 0.603,
      "popularity_score": 0.36,
      "engagement_score": 0.505
    },
    {
      "level_id": "5fe1189d-bacc-4a7f-ba0a-95173e4d6be2",
      "title": "Level 17",
      "maker": "Player 7",
      "difficulty": "easy",
      "clear_rate": 93.46,
      "attempts": 325,
      "clears": 97,
      "likes": 430,
      "tags": [
        "platformer",
        "speedrun"
      ],
      "completion_rate": 0.711,
      "difficulty_score": 0.33,
      "popularity_score": 0.112,
      "engagement_score": 0.829
    },
    {
      "level_id": "35eaad43-8b9a-4cdc-9cb0-8bbc78bf740b",
      "title": "Level 18",
      "maker": "Player 8",
      "difficulty": "normal",
      "clear_rate": 30.09,
      "attempts": 899,
      "clears": 57,
      "likes": 429,
      "tags": [
        "puzzle",
        "technical"
      ],
      "completion_rate": 0.617,
      "difficulty_score": 0.023,
      "popularity_score": 0.101,
      "engagement_score": 0.063
    },
    {
      "level_id": "aa12cc49-1ae2-4401-a6c0-26bd27a5a909",
      "title": "Level 19",
      "maker": "Player 9",
      "difficulty": "hard",
      "clear_rate": 65.52,
      "attempts": 823,
      "clears": 35,
      "likes": 33,
      "tags": [
        "platformer",
        "speedrun"
      ],
      "completion_rate": 0.042,
      "difficulty_score": 0.157,
      "popularity_score": 0.544,
      "engagement_score": 0.847
    },
    {
      "level_id": "3187ad12-3089-4c9b-90f4-ddba60a0d019",
      "title": "Level 20",
      "maker": "Player 10",
      "difficulty": "expert",
      "clear_rate": 95.15,
      "attempts": 405,
      "clears": 14,
      "likes": 345,
      "tags": [
        "puzzle",
        "technical"
      ],
      "completion_rate": 0.982,
      "difficulty_score": 0.925,
      "popularity_score": 0.059,
      "engagement_score": 0.014
    },
    {
      "level_id": "00920028-9f1c-4e9a-abb5-62ec5a6e39e1",
      "title": "Level 21",
      "maker": "Player 1",
      "difficulty": "easy",
      "clear_rate": 36.26,
      "attempts": 868,
      "clears": 65,
      "likes": 18,
      "tags": [
        "platformer",
        "speedrun"
      ],
      "completion_rate": 0.227,
      "difficulty_score": 0.72,
      "popularity_score": 0.369,
      "engagement_score": 0.517
    },
    {
      "level_id": "61d078e4-750e-4b4d-bec4-02919ff12213",
      "title": "Level 22",
      "maker": "Player 2",
      "difficulty": "normal",
      "clear_rate": 24.93,
      "attempts": 652,
      "clears": 30,
      "likes": 328,
      "tags": [
        "puzzle",
        "technical"
      ],
      "completion_rate": 0.656,
      "difficulty_score": 0.917,
      "popularity_score": 0.997,
      "engagement_score": 0.703
    },
    {
      "level_id": "e130d4c9-e316-407f-9a8b-c9ecdc56ff4c",
      "title": "Level 23",
      "maker": "Player 3",
      "difficulty": "hard",
      "clear_rate": 71.95,
      "attempts": 89,
      "clears": 67,
      "likes": 422,
      "tags": [
        "platformer",
        "speedrun"
      ],
      "completion_rate": 0.564,
      "difficulty_score": 0.0,
      "popularity_score": 0.434,
      "engagement_score": 0.329
    },
    {
      "level_id": "bfe7fd76-8a7a-4366-bc29-b112b0061c6f",
      "title": "Level 24",
      "maker": "Player 4",
      "difficulty": "expert",
      "clear_rate": 53.51,
      "attempts": 879,
      "clears": 77,
      "likes": 102,
      "tags": [
        "puzzle",
        "technical"
      ],
      "completion_rate": 0.014,
      "difficulty_score": 0.013,
      "popularity_score": 0.357,
      "engagement_score": 0.923
    },
    {
      "level_id": "4d0ce08d-8fa1-418a-a573-7645258828f9",
      "title": "Level 25",
      "maker": "Player 5",
      "difficulty": "easy",
      "clear_rate": 68.12,
      "attempts": 92,
      "clears": 64,
      "likes": 219,
      "tags": [
        "platformer",
        "speedrun"
      ],
      "completion_rate": 0.155,
      "difficulty_score": 0.624,
      "popularity_score": 0.305,
      "engagement_score": 0.501
    },
    {
      "level_id": "dd24e198-1189-49ce-85e8-fd39e2dc1a63",
      "title": "Level 26",
      "maker": "Player 6",
      "difficulty": "normal",
      "clear_rate": 95.37,
      "attempts": 664,
      "clears": 89,
      "likes": 274,
      "tags": [
        "puzzle",
        "technical"
      ],
      "completion_rate": 0.09,
      "difficulty_score": 0.463,
      "popularity_score": 0.925,
      "engagement_score": 0.912
    },
    {
      "level_id": "8d333937-b9c2-4b6c-b645-ceea500b9166",
      "title": "Level 27",
      "maker": "Player 7",
      "difficulty": "hard",
      "clear_rate": 21.03,
      "attempts": 163,
      "clears": 69,
      "likes": 387,
      "tags": [
        "platformer",
        "speedrun"
      ],
      "completion_rate": 0.375,
      "difficulty_score": 0.401,
      "popularity_score": 0.65,
      "engagement_score": 0.337
    },
    {
      "level_id": "4bbc550f-2ea7-42ac-895e-0e3a4bbed9ff",
      "title": "Level 28",
      "maker": "Player 8",
      "difficulty": "expert",
      "clear_rate": 46.55,
      "attempts": 80,
      "clears": 70,
      "likes": 248,
      "tags": [
        "puzzle",
        "technical"
      ],
      "completion_rate": 0.56,
      "difficulty_score": 0.993,
      "popularity_score": 0.245,
      "engagement_score": 0.838
    },
    {
      "level_id": "619bb5aa-6231-4e07-84c8-88656413e381",
      "title": "Level 29",
      "maker": "Player 9",
      "difficulty": "easy",
      "clear_rate": 94.67,
      "attempts": 639,
      "clears": 10,
      "likes": 414,
      "tags": [
        "platformer",
        "speedrun"
      ],
      "completion_rate": 0.205,
      "difficulty_score": 1.0,
      "popularity_score": 0.684,
      "engagement_score": 0.926
    },
    {
      "level_id": "c9220257-64fc-4333-a8b0-1472da2bc636",
      "title": "Level 30",
      "maker": "Player 10",
      "difficulty": "normal",
      "clear_rate": 63.56,
      "attempts": 380,
      "clears": 36,
      "likes": 341,
      "tags": [
        "puzzle",
        "technical"
      ],
      "completion_rate": 0.698,
      "difficulty_score": 0.06,
      "popularity_score": 0.188,
      "engagement_score": 0.464
    },
    {
      "level_id": "01750ff1-6939-4b0c-b966-63e620a7e65e",
      "title": "Level 31",
      "maker": "Player 1",
      "difficulty": "hard",
      "clear_rate": 78.44,
      "attempts": 36,
      "clears": 80,
      "likes": 278,
      "tags": [
        "platformer",
        "speedrun"
      ],
      "completion_rate": 0.226,
      "difficulty_score": 0.681,
      "popularity_score": 0.28,
      "engagement_score": 0.861
    },
    {
      "level_id": "a2b6889f-2d4d-49a6-a0d8-2e4e6cb5c4a9",
      "title": "Level 32",
      "maker": "Player 2",
      "difficulty": "expert",
      "clear_rate": 32.62,
      "attempts": 517,
      "clears": 61,
      "likes": 78,
      "tags": [
        "puzzle",
        "technical"
      ],
      "completion_rate": 0.277,
      "difficulty_score": 0.885,
      "popularity_score": 0.189,
      "engagement_score": 0.834
    },
    {
      "level_id": "435dc0c1-7f3d-4675-8a23-1339b3fc1e97",
      "title": "Level 33",
      "maker": "Player 3",
      "difficulty": "easy",
      "clear_rate": 90.86,
      "attempts": 86,
      "clears": 96,
      "likes": 266,
      "tags": [
        "platformer",
        "speedrun"
      ],
      "completion_rate": 0.701,
      "difficulty_score": 0.182,
      "popularity_score": 0.876,
      "engagement_score": 0.765
    },
    {
      "level_id": "ec79142e-0c84-4909-afbd-dea7cc82fb7e",
      "title": "Level 34",
      "maker": "Player 4",
      "difficulty": "normal",
      "clear_rate": 98.32,
      "attempts": 296,
      "clears": 88,
      "likes": 428,
      "tags": [
        "puzzle",
        "technical"
      ],
      "completion_rate": 0.427,
      "difficulty_score": 0.837,
      "popularity_score": 0.86,
      "engagement_score": 0.498
    },
    {
      "level_id": "c37f7cc9-e480-4f10-9c13-8cfb7c9a1a8f",
      "title": "Level 35",
      "maker": "Player 5",
      "difficulty": "hard",
      "clear_rate": 26.4,
      "attempts": 798,
      "clears": 15,
      "likes": 114,
      "tags": [
        "platformer",
        "speedrun"
      ],
      "completion_rate": 0.751,
      "difficulty_score": 0.55,
      "popularity_score": 0.801,
      "engagement_score": 0.823
    },
    {
      "level_id": "c4c82250-7664-4c15-9bad-89bae8f21bd2",
      "title": "Level 36",
      "maker": "Player 6",
      "difficulty": "expert",
      "clear_rate": 10.44,
      "attempts": 525,
      "clears": 15,
      "likes": 139,
      "tags": [
        "puzzle",
        "technical"
      ],
      "completion_rate": 0.956,
      "difficulty_score": 0.707,
      "popularity_score": 0.575,
      "engagement_score": 0.55
    },
    {
      "level_id": "36b5ceda-2ff0-4c4f-a6d2-90a380adf852",
      "title": "Level 37",
      "maker": "Player 7",
      "difficulty": "easy",
      "clear_rate": 32.88,
      "attempts": 129,
      "clears": 83,
      "likes": 151,
      "tags": [
        "platformer",
        "speedrun"
      ],
      "completion_rate": 0.98,
      "difficulty_score": 0.125,
      "popularity_score": 0.422,
      "engagement_score": 0.254
    },
    {
      "level_id": "9d94c2b2-4d50-410a-bfc8-a82c69a8780e",
      "title": "Level 38",
      "maker": "Player 8",
      "difficulty": "normal",
      "clear_rate": 59.22,
      "attempts": 222,
      "clears": 46,
      "likes": 40,
      "tags": [
        "puzzle",
        "technical"
      ],
      "completion_rate": 0.035,
      "difficulty_score": 0.684,
      "popularity_score": 0.685,
      "engagement_score": 0.449
    },
    {
      "level_id": "fccb061e-f550-4601-9c51-3d751857f812",
      "title": "Level 39",
      "maker": "Player 9",
      "difficulty": "hard",
      "clear_rate": 60.64,
      "attempts": 112,
      "clears": 2,
      "likes": 225,
      "tags": [
        "platformer",
        "speedrun"
      ],
      "completion_rate": 0.414,
      "difficulty_score": 0.358,
      "popularity_score": 0.497,
      "engagement_score": 0.584
    },
    {
      "level_id": "34d6118a-7889-485c-9fc2-840f832af3a6",
      "title": "Level 40",
      "maker": "Player 10",
      "difficulty": "expert",
      "clear_rate": 34.7,
      "attempts": 716,
      "clears": 49,
      "likes": 14,
      "tags": [
        "puzzle",
        "technical"
      ],
      "completion_rate": 0.121,
      "difficulty_score": 0.557,
      "popularity_score": 0.888,
      "engagement_score": 0.946
    },
    {
      "level_id": "81b00a85-8ecc-4e76-938f-0e5f88fdc6c1",
      "title": "Level 41",
      "maker": "Player 1",
      "difficulty": "easy",
      "clear_rate": 85.66,
      "attempts": 499,
      "clears": 66,
      "likes": 450,
      "tags": [
        "platformer",
        "speedrun"
      ],
      "completion_rate": 0.35,
      "difficulty_score": 0.229,
      "popularity_score": 0.568,
      "engagement_score": 0.607
    },
    {
      "level_id": "1f271157-306c-4aaa-a862-8618ba7c2b1f",
      "title": "Level 42",
      "maker": "Player 2",
      "difficulty": "normal",
      "clear_rate": 14.15,
      "attempts": 886,
      "clears": 97,
      "likes": 133,
      "tags": [
        "puzzle",
        "technical"
      ],
      "completion_rate": 0.694,
      "difficulty_score": 0.393,
      "popularity_score": 0.551,
      "engagement_score": 0.952
    },
    {
      "level_id": "5443a2fa-cbb6-479a-b3b9-9fc6b6945e24",
      "title": "Level 43",
      "maker": "Player 3",
      "difficulty": "hard",
      "clear_rate": 14.46,
      "attempts": 707,
      "clears": 96,
      "likes": 25,
      "tags": [
        "platformer",
        "speedrun"
      ],
      "completion_rate": 0.48,
      "difficulty_score": 0.433,
      "popularity_score": 0.531,
      "engagement_score": 0.513
    },
    {
      "level_id": "0baf1ac9-4f4b-41c2-9536-f6c853bd6ffc",
      "title": "Level 44",
      "maker": "Player 4",
      "difficulty": "expert",
      "clear_rate": 10.63,
      "attempts": 594,
      "clears": 85,
      "likes": 330,
      "tags": [
        "puzzle",
        "technical"
      ],
      "completion_rate": 0.481,
      "difficulty_score": 0.651,
      "popularity_score": 0.87,
      "engagement_score": 0.971
    },
    {
      "level_id": "1f37c8a7-dd6a-40dc-8039-92b35ef16224",
      "title": "Level 45",
      "maker": "Player 5",
      "difficulty": "easy",
      "clear_rate": 42.33,
      "attempts": 592,
      "clears": 57,
      "likes": 182,
      "tags": [
        "platformer",
        "speedrun"
      ],
      "completion_rate": 0.853,
      "difficulty_score": 0.527,
      "popularity_score": 0.116,
      "engagement_score": 0.701
    },
    {
      "level_id": "706ba0ee-1a40-4208-85d6-67256fcd86b4",
      "title": "Level 46",
      "maker": "Player 6",
      "difficulty": "normal",
      "clear_rate": 69.71,
      "attempts": 504,
      "clears": 69,
      "likes": 259,
      "tags": [
        "puzzle",
        "technical"
      ],
      "completion_rate": 0.162,
      "difficulty_score": 0.374,
      "popularity_score": 0.976,
      "engagement_score": 0.584
    },
    {
      "level_id": "5d57bc4d-c7a5-4e2d-bfd9-06303065eb10",
      "title": "Level 47",
      "maker": "Player 7",
      "difficulty": "hard",
      "clear_rate": 48.91,
      "attempts": 307,
      "clears": 95,
      "likes": 307,
      "tags": [
        "platformer",
        "speedrun"
      ],
      "completion_rate": 0.725,
      "difficulty_score": 0.375,
      "popularity_score": 0.543,
      "engagement_score": 0.89
    },
    {
      "level_id": "82829250-c926-403a-9fcd-f38a66f30db6",
      "title": "Level 48",
      "maker": "Player 8",
      "difficulty": "expert",
      "clear_rate": 51.6,
      "attempts": 59,
      "clears": 85,
      "likes": 324,
      "tags": [
        "puzzle",
        "technical"
      ],
      "completion_rate": 0.375,
      "difficulty_score": 0.324,
      "popularity_score": 0.429,
      "engagement_score": 0.361
    },
    {
      "level_id": "be76dcd8-d92b-4e9b-9cc6-cfbbba9bf1eb",
      "title": "Level 49",
      "maker": "Player 9",
      "difficulty": "easy",
      "clear_rate": 47.8,
      "attempts": 434,
      "clears": 76,
      "likes": 242,
      "tags": [
        "platformer",
        "speedrun"
      ],
      "completion_rate": 0.319,
      "difficulty_score": 0.206,
      "popularity_score": 0.722,
      "engagement_score": 0.021
    },
    {
      "level_id": "b0fb96a2-0ce3-4b36-a754-0949da05f572",
      "title": "Level 50",
      "maker": "Player 10",
      "difficulty": "normal",
      "clear_rate": 59.6,
      "attempts": 605,
      "clears": 59,
      "likes": 384,
      "tags": [
        "puzzle",
        "technical"
      ],
      "completion_rate": 0.698,
      "difficulty_score": 0.842,
      "popularity_score": 0.94,
      "engagement_score": 0.99
    },
    {
      "level_id": "1e77d2a6-1b77-40f7-9e44-1474bdc51186",
      "title": "Level 51",
      "maker": "Player 1",
      "difficulty": "hard",
      "clear_rate": 37.21,
      "attempts": 765,
      "clears": 19,
      "likes": 118,
      "tags": [
        "platformer",
        "speedrun"
      ],
      "completion_rate": 0.086,
      "difficulty_score": 0.703,
      "popularity_score": 0.333,
      "engagement_score": 0.11
    },
    {
      "level_id": "0cea819e-412c-407c-88fb-742e72fe0d33",
      "title": "Level 52",
      "maker": "Player 2",
      "difficulty": "expert",
      "clear_rate": 12.13,
      "attempts": 704,
      "clears": 85,
      "likes": 299,
      "tags": [
        "puzzle",
        "technical"
      ],
      "completion_rate": 0.666,
      "difficulty_score": 0.626,
      "popularity_score": 0.034,
      "engagement_score": 0.429
    },
    {
      "level_id": "f67c5b66-0b02-4431-86ce-375a6f6d6353",
      "title": "Level 53",
      "maker": "Player 3",
      "difficulty": "easy",
      "clear_rate": 85.24,
      "attempts": 732,
      "clears": 26,
      "likes": 375,
      "tags": [
        "platformer",
        "speedrun"
      ],
      "completion_rate": 0.087,
      "difficulty_score": 0.322,
      "popularity_score": 0.779,
      "engagement_score": 0.229
    },
    {
      "level_id": "e10cdb3d-9d0e-4b63-ba8e-15c6adc616dd",
      "title": "Level 54",
      "maker": "Player 4",
      "difficulty": "normal",
      "clear_rate": 60.69,
      "attempts": 755,
      "clears": 62,
      "likes": 259,
      "tags": [
        "puzzle",
        "technical"
      ],
      "completion_rate": 0.122,
      "difficulty_score": 0.906,
      "popularity_score": 0.219,
      "engagement_score": 0.494
    },
    {
      "level_id": "b10f1da8-b9f5-43c2-a976-2a0b05a46280",
      "title": "Level 55",
      "maker": "Player 5",
      "difficulty": "hard",
      "clear_rate": 60.2,
      "attempts": 303,
      "clears": 6,
      "likes": 395,
      "tags": [
        "platformer",
        "speedrun"
      ],
      "completion_rate": 0.078,
      "difficulty_score": 0.606,
      "popularity_score": 0.72,
      "engagement_score": 0.63
    },
    {
      "level_id": "bab00218-2cd5-4682-a716-515a774109ca",
      "title": "Level 56",
      "maker": "Player 6",
      "difficulty": "expert",
      "clear_rate": 73.94,
      "attempts": 421,
      "clears": 3,
      "likes": 314,
      "tags": [
        "puzzle",
        "technical"
      ],
      "completion_rate": 0.876,
      "difficulty_score": 0.969,
      "popularity_score": 0.593,
      "engagement_score": 0.95
    },
    {
      "level_id": "d5552736-275b-4bec-a33b-2e007fe01f3c",
      "title": "Level 57",
      "maker": "Player 7",
      "difficulty": "easy",
      "clear_rate": 11.25,
      "attempts": 978,
      "clears": 27,
      "likes": 179,
      "tags": [
        "platformer",
        "speedrun"
      ],
      "completion_rate": 0.155,
      "difficulty_score": 0.675,
      "popularity_score": 0.942,
      "engagement_score": 0.577
    },
    {
      "level_id": "5bca9fb7-ce84-4e45-b456-fa02f51a5c45",
      "title": "Level 58",
      "maker": "Player 8",
      "difficulty": "normal",
      "clear_rate": 15.89,
      "attempts": 764,
      "clears": 69,
      "likes": 370,
      "tags": [
        "puzzle",
        "technical"
      ],
      "completion_rate": 0.071,
      "difficulty_score": 0.941,
      "popularity_score": 0.206,
      "engagement_score": 0.742
    },
    {
      "level_id": "aae7d3ec-080b-472f-9bc6-01622883ac90",
      "title": "Level 59",
      "maker": "Player 9",
      "difficulty": "hard",
      "clear_rate": 43.63,
      "attempts": 955,
      "clears": 94,
      "likes": 50,
      "tags": [
        "platformer",
        "speedrun"
      ],
      "completion_rate": 0.322,
      "difficulty_score": 0.01,
      "popularity_score": 0.356,
      "engagement_score": 0.278
    },
    {
      "level_id": "ae8d6cdd-dd22-4a75-98c9-b7ba9741d5f7",
      "title": "Level 60",
      "maker": "Player 10",
      "difficulty": "expert",
      "clear_rate": 94.67,
      "attempts": 459,
      "clears": 37,
      "likes": 459,
      "tags": [
        "puzzle",
        "technical"
      ],
      "completion_rate": 0.197,
      "difficulty_score": 0.784,
      "popularity_score": 0.418,
      "engagement_score": 0.639
    },
    {
      "level_id": "d9e8174f-ba99-420b-b14f-c3b468371312",
      "title": "Level 61",
      "maker": "Player 1",
      "difficulty": "easy",
      "clear_rate": 86.28,
      "attempts": 539,
      "clears": 98,
      "likes": 372,
      "tags": [
        "platformer",
        "speedrun"
      ],
      "completion_rate": 0.541,
      "difficulty_score": 0.558,
      "popularity_score": 0.029,
      "engagement_score": 0.151
    },
    {
      "level_id": "676e210e-7267-4bf0-a992-ad96bd09a588",
      "title": "Level 62",
      "maker": "Player 2",
      "difficulty": "normal",
      "clear_rate": 99.36,
      "attempts": 933,
      "clears": 60,
      "likes": 138,
      "tags": [
        "puzzle",
        "technical"
      ],
      "completion_rate": 0.716,
      "difficulty_score": 0.387,
      "popularity_score": 0.161,
      "engagement_score": 0.637
    },
    {
      "level_id": "6338c11a-d2b4-41fc-9011-38633d738a02",
      "title": "Level 63",
      "maker": "Player 3",
      "difficulty": "hard",
      "clear_rate": 23.8,
      "attempts": 832,
      "clears": 2,
      "likes": 50,
      "tags": [
        "platformer",
        "speedrun"
      ],
      "completion_rate": 0.754,
      "difficulty_score": 0.875,
      "popularity_score": 0.846,
      "engagement_score": 0.091
    },
    {
      "level_id": "224af0ec-083d-485d-84c7-09e8eb8581bb",
      "title": "Level 64",
      "maker": "Player 4",
      "difficulty": "expert",
      "clear_rate": 49.59,
      "attempts": 587,
      "clears": 23,
      "likes": 177,
      "tags": [
        "puzzle",
        "technical"
      ],
      "completion_rate": 0.092,
      "difficulty_score": 0.738,
      "popularity_score": 0.294,
      "engagement_score": 0.424
    },
    {
      "level_id": "8d36e257-4275-426e-926d-cacce7d0677b",
      "title": "Level 65",
      "maker": "Player 5",
      "difficulty": "easy",
      "clear_rate": 0.57,
      "attempts": 647,
      "clears": 94,
      "likes": 466,
      "tags": [
        "platformer",
        "speedrun"
      ],
      "completion_rate": 0.548,
      "difficulty_score": 0.692,
      "popularity_score": 0.986,
      "engagement_score": 0.502
    },
    {
      "level_id": "f761f00f-0464-44f9-88d5-d6cfc293d9f6",
      "title": "Level 66",
      "maker": "Player 6",
      "difficulty": "normal",
      "clear_rate": 17.36,
      "attempts": 455,
      "clears": 3,
      "likes": 471,
      "tags": [
        "puzzle",
        "technical"
      ],
      "completion_rate": 0.843,
      "difficulty_score": 0.639,
      "popularity_score": 0.503,
      "engagement_score": 0.201
    },
    {
      "level_id": "2967f06f-1820-4a2e-ae20-87ad79aa53ec",
      "title": "Level 67",
      "maker": "Player 7",
      "difficulty": "hard",
      "clear_rate": 48.67,
      "attempts": 72,
      "clears": 17,
      "likes": 430,
      "tags": [
        "platformer",
        "speedrun"
      ],
      "completion_rate": 0.922,
      "difficulty_score": 0.724,
      "popularity_score": 0.894,
      "engagement_score": 0.883
    },
    {
      "level_id": "370c6057-ce90-4bbb-b240-40a390bfd789",
      "title": "Level 68",
      "maker": "Player 8",
      "difficulty": "expert",
      "clear_rate": 87.09,
      "attempts": 208,
      "clears": 89,
      "likes": 488,
      "tags": [
        "puzzle",
        "technical"
      ],
      "completion_rate": 0.849,
      "difficulty_score": 0.261,
      "popularity_score": 0.74,
      "engagement_score": 0.799
    },
    {
      "level_id": "8d55f7ef-310a-4e3c-8186-0ad7699dbd53",
      "title": "Level 69",
      "maker": "Player 9",
      "difficulty": "easy",
      "clear_rate": 89.06,
      "attempts": 724,
      "clears": 54,
      "likes": 215,
      "tags": [
        "platformer",
        "speedrun"
      ],
      "completion_rate": 0.83,
      "difficulty_score": 0.296,
      "popularity_score": 0.867,
      "engagement_score": 0.224
    },
    {
      "level_id": "a5e46760-31ca-4bf1-beb0-3af997a14e81",
      "title": "Level 70",
      "maker": "Player 10",
      "difficulty": "normal",
      "clear_rate": 79.22,
      "attempts": 419,
      "clears": 40,
      "likes": 489,
      "tags": [
        "puzzle",
        "technical"
      ],
      "completion_rate": 0.093,
      "difficulty_score": 0.058,
      "popularity_score": 0.762,
      "engagement_score": 0.21
    },
    {
      "level_id": "f461b633-2085-43da-a5fc-ff465e087f66",
      "title": "Level 71",
      "maker": "Player 1",
      "difficulty": "hard",
      "clear_rate": 10.47,
      "attempts": 695,
      "clears": 15,
      "likes": 446,
      "tags": [
        "platformer",
        "speedrun"
      ],
      "completion_rate": 0.275,
      "difficulty_score": 0.061,
      "popularity_score": 0.669,
      "engagement_score": 0.731
    },
    {
      "level_id": "1a57c296-1985-4226-ab16-4fc11970724c",
      "title": "Level 72",
      "maker": "Player 2",
      "difficulty": "expert",
      "clear_rate": 7.24,
      "attempts": 166,
      "clears": 48,
      "likes": 135,
      "tags": [
        "puzzle",
        "technical"
      ],
      "completion_rate": 0.11,
      "difficulty_score": 0.517,
      "popularity_score": 0.892,
      "engagement_score": 0.003
    },
    {
      "level_id": "06693191-4d75-4d38-afa2-a22813901859",
      "title": "Level 73",
      "maker": "Player 3",
      "difficulty": "easy",
      "clear_rate": 77.89,
      "attempts": 432,
      "clears": 73,
      "likes": 113,
      "tags": [
        "platformer",
        "speedrun"
      ],
      "completion_rate": 0.869,
      "difficulty_score": 0.365,
      "popularity_score": 0.962,
      "engagement_score": 0.674
    },
    {
      "level_id": "7ad4e525-c953-42ab-a255-c0b522fbfb75",
      "title": "Level 74",
      "maker": "Player 4",
      "difficulty": "normal",
      "clear_rate": 94.62,
      "attempts": 138,
      "clears": 47,
      "likes": 199,
      "tags": [
        "puzzle",
        "technical"
      ],
      "completion_rate": 0.265,
      "difficulty_score": 0.756,
      "popularity_score": 0.917,
      "engagement_score": 0.575
    },
    {
      "level_id": "19e0406e-db55-41d3-9b6c-db96329c1b07",
      "title": "Level 75",
      "maker": "Player 5",
      "difficulty": "hard",
      "clear_rate": 75.71,
      "attempts": 195,
      "clears": 43,
      "likes": 443,
      "tags": [
        "platformer",
        "speedrun"
      ],
      "completion_rate": 0.711,
      "difficulty_score": 0.81,
      "popularity_score": 0.245,
      "engagement_score": 0.161
    },
    {
      "level_id": "136d6c60-493f-47ee-a199-aa829b66830b",
      "title": "Level 76",
      "maker": "Player 6",
      "difficulty": "expert",
      "clear_rate": 14.78,
      "attempts": 165,
      "clears": 97,
      "likes": 154,
      "tags": [
        "puzzle",
        "technical"
      ],
      "completion_rate": 0.119,
      "difficulty_score": 0.371,
      "popularity_score": 0.933,
      "engagement_score": 0.337
    },
    {
      "level_id": "3470e636-80ad-42b4-80ab-5cccc3cdf0ef",
      "title": "Level 77",
      "maker": "Player 7",
      "difficulty": "easy",
      "clear_rate": 56.08,
      "attempts": 603,
      "clears": 58,
      "likes": 382,
      "tags": [
        "platformer",
        "speedrun"
      ],
      "completion_rate": 0.672,
      "difficulty_score": 0.303,
      "popularity_score": 0.41,
      "engagement_score": 0.709
    },
    {
      "level_id": "8264b803-a76e-484b-953f-5b9912c110a6",
      "title": "Level 78",
      "maker": "Player 8",
      "difficulty": "normal",
      "clear_rate": 7.16,
      "attempts": 116,
      "clears": 45,
      "likes": 366,
      "tags": [
        "puzzle",
        "technical"
      ],
      "completion_rate": 0.556,
      "difficulty_score": 0.671,
      "popularity_score": 0.177,
      "engagement_score": 0.264
    },
    {
      "level_id": "a003895f-b986-4b57-885c-ab3aa82fb863",
      "title": "Level 79",
      "maker": "Player 9",
      "difficulty": "hard",
      "clear_rate": 44.42,
      "attempts": 191,
      "clears": 58,
      "likes": 304,
      "tags": [
        "platformer",
        "speedrun"
      ],
      "completion_rate": 0.53,
      "difficulty_score": 0.038,
      "popularity_score": 0.721,
      "engagement_score": 0.453
    },
    {
      "level_id": "20bdf27e-88ed-42ec-95b2-b750a8705f65",
      "title": "Level 80",
      "maker": "Player 10",
      "difficulty": "expert",
      "clear_rate": 78.25,
      "attempts": 367,
      "clears": 15,
      "likes": 497,
      "tags": [
        "puzzle",
        "technical"
      ],
      "completion_rate": 0.376,
      "difficulty_score": 0.843,
      "popularity_score": 0.521,
      "engagement_score": 0.282
    },
    {
      "level_id": "24c18c92-07c5-41a5-bda7-ee2a39fffba0",
      "title": "Level 81",
      "maker": "Player 1",
      "difficulty": "easy",
      "clear_rate": 56.96,
      "attempts": 401,
      "clears": 43,
      "likes": 286,
      "tags": [
        "platformer",
        "speedrun"
      ],
      "completion_rate": 0.773,
      "difficulty_score": 0.393,
      "popularity_score": 0.566,
      "engagement_score": 0.222
    },
    {
      "level_id": "d98ff6d1-1dd2-4fad-8bdd-05357624a7cd",
      "title": "Level 82",
      "maker": "Player 2",
      "difficulty": "normal",
      "clear_rate": 72.96,
      "attempts": 29,
      "clears": 87,
      "likes": 305,
      "tags": [
        "puzzle",
        "technical"
      ],
      "completion_rate": 0.007,
      "difficulty_score": 0.68,
      "popularity_score": 0.013,
      "engagement_score": 0.28
    },
    {
      "level_id": "1eb0e498-3c2e-4f5c-a434-d1e47ae26fbc",
      "title": "Level 83",
      "maker": "Player 3",
      "difficulty": "hard",
      "clear_rate": 36.17,
      "attempts": 737,
      "clears": 89,
      "likes": 217,
      "tags": [
        "platformer",
        "speedrun"
      ],
      "completion_rate": 0.359,
      "difficulty_score": 0.517,
      "popularity_score": 0.444,
      "engagement_score": 0.31
    },
    {
      "level_id": "11e5dae7-13ad-4de0-9374-ae613098c719",
      "title": "Level 84",
      "maker": "Player 4",
      "difficulty": "expert",
      "clear_rate": 30.85,
      "attempts": 563,
      "clears": 7,
      "likes": 391,
      "tags": [
        "puzzle",
        "technical"
      ],
      "completion_rate": 0.082,
      "difficulty_score": 0.155,
      "popularity_score": 0.086,
      "engagement_score": 0.677
    },
    {
      "level_id": "73a8b912-ba02-442e-a8a5-b0a6aac1fd43",
      "title": "Level 85",
      "maker": "Player 5",
      "difficulty": "easy",
      "clear_rate": 57.99,
      "attempts": 903,
      "clears": 34,
      "likes": 227,
      "tags": [
        "platformer",
        "speedrun"
      ],
      "completion_rate": 0.839,
      "difficulty_score": 0.212,
      "popularity_score": 0.282,
      "engagement_score": 0.653
    },
    {
      "level_id": "b8b67103-a78e-4e15-bf98-d33125e9819f",
      "title": "Level 86",
      "maker": "Player 6",
      "difficulty": "normal",
      "clear_rate": 80.53,
      "attempts": 833,
      "clears": 11,
      "likes": 330,
      "tags": [
        "puzzle",
        "technical"
      ],
      "completion_rate": 0.8,
      "difficulty_score": 0.087,
      "popularity_score": 0.716,
      "engagement_score": 0.963
    },
    {
      "level_id": "ea7dea43-f4c5-4f95-9a66-652b26767aa7",
      "title": "Level 87",
      "maker": "Player 7",
      "difficulty": "hard",
      "clear_rate": 82.94,
      "attempts": 130,
      "clears": 24,
      "likes": 176,
      "tags": [
        "platformer",
        "speedrun"
      ],
      "completion_rate": 0.631,
      "difficulty_score": 0.061,
      "popularity_score": 0.752,
      "engagement_score": 0.385
    },
    {
      "level_id": "6b4f2076-c72d-4cdb-8bff-d58d04d4b83c",
      "title": "Level 88",
      "maker": "Player 8",
      "difficulty": "expert",
      "clear_rate": 30.61,
      "attempts": 242,
      "clears": 96,
      "likes": 215,
      "tags": [
        "puzzle",
        "technical"
      ],
      "completion_rate": 0.741,
      "difficulty_score": 0.702,
      "popularity_score": 0.882,
      "engagement_score": 0.135
    },
    {
      "level_id": "39a322a2-cd1f-44c3-80b5-0cf545e1c58b",
      "title": "Level 89",
      "maker": "Player 9",
      "difficulty": "easy",
      "clear_rate": 60.03,
      "attempts": 668,
      "clears": 63,
      "likes": 29,
      "tags": [
        "platformer",
        "speedrun"
      ],
      "completion_rate": 0.079,
      "difficulty_score": 0.684,
      "popularity_score": 0.198,
      "engagement_score": 0.233
    },
    {
      "level_id": "aafa5ea4-0cb5-4b5f-b95d-4513fa5ff3bb",
      "title": "Level 90",
      "maker": "Player 10",
      "difficulty": "normal",
      "clear_rate": 57.48,
      "attempts": 912,
      "clears": 5,
      "likes": 466,
      "tags": [
        "puzzle",
        "technical"
      ],
      "completion_rate": 0.867,
      "difficulty_score": 0.302,
      "popularity_score": 0.999,
      "engagement_score": 0.653
    },
    {
      "level_id": "73620aab-292f-497a-bdf8-b7d06b914547",
      "title": "Level 91",
      "maker": "Player 1",
      "difficulty": "hard",
      "clear_rate": 47.52,
      "attempts": 792,
      "clears": 92,
      "likes": 259,
      "tags": [
        "platformer",
        "speedrun"
      ],
      "completion_rate": 0.219,
      "difficulty_score": 0.409,
      "popularity_score": 0.862,
      "engagement_score": 0.323
    },
    {
      "level_id": "c2253a36-277b-4edb-987c-6bcaa24ab168",
      "title": "Level 92",
      "maker": "Player 2",
      "difficulty": "expert",
      "clear_rate": 86.3,
      "attempts": 742,
      "clears": 88,
      "likes": 73,
      "tags": [
        "puzzle",
        "technical"
      ],
      "completion_rate": 0.355,
      "difficulty_score": 0.244,
      "popularity_score": 0.063,
      "engagement_score": 0.612
    },
    {
      "level_id": "3b2b8119-840f-4374-aca2-b063d24ad474",
      "title": "Level 93",
      "maker": "Player 3",
      "difficulty": "easy",
      "clear_rate": 33.54,
      "attempts": 799,
      "clears": 14,
      "likes": 216,
      "tags": [
        "platformer",
        "speedrun"
      ],
      "completion_rate": 0.13,
      "difficulty_score": 0.981,
      "popularity_score": 0.13,
      "engagement_score": 0.502
    },
    {
      "level_id": "56679fbd-7033-430f-9113-4a7305bb6428",
      "title": "Level 94",
      "maker": "Player 4",
      "difficulty": "normal",
      "clear_rate": 3.03,
      "attempts": 858,
      "clears": 43,
      "likes": 194,
      "tags": [
        "puzzle",
        "technical"
      ],
      "completion_rate": 0.759,
      "difficulty_score": 0.998,
      "popularity_score": 0.548,
      "engagement_score": 0.431
    },
    {
      "level_id": "0ae8c530-9eb2-4088-a2e4-0fb0a481251e",
      "title": "Level 95",
      "maker": "Player 5",
      "difficulty": "hard",
      "clear_rate": 12.33,
      "attempts": 465,
      "clears": 4,
      "likes": 25,
      "tags": [
        "platformer",
        "speedrun"
      ],
      "completion_rate": 0.318,
      "difficulty_score": 0.076,
      "popularity_score": 0.248,
      "engagement_score": 0.709
    },
    {
      "level_id": "a5e4fe2f-19f5-4de3-b7f4-501702209678",
      "title": "Level 96",
      "maker": "Player 6",
      "difficulty": "expert",
      "clear_rate": 2.93,
      "attempts": 82,
      "clears": 43,
      "likes": 482,
      "tags": [
        "puzzle",
        "technical"
      ],
      "completion_rate": 0.389,
      "difficulty_score": 0.695,
      "popularity_score": 0.29,
      "engagement_score": 0.776
    },
    {
      "level_id": "fc6cd2ec-07af-4a0a-9b14-75d4971db2d9",
      "title": "Level 97",
      "maker": "Player 7",
      "difficulty": "easy",
      "clear_rate": 53.18,
      "attempts": 716,
      "clears": 12,
      "likes": 59,
      "tags": [
        "platformer",
        "speedrun"
      ],
      "completion_rate": 0.651,
      "difficulty_score": 0.079,
      "popularity_score": 0.587,
      "engagement_score": 0.528
    },
    {
      "level_id": "125a31e4-d796-4713-99e0-3e1610228071",
      "title": "Level 98",
      "maker": "Player 8",
      "difficulty": "normal",
      "clear_rate": 91.18,
      "attempts": 768,
      "clears": 63,
      "likes": 475,
      "tags": [
        "puzzle",
        "technical"
      ],
      "completion_rate": 0.822,
      "difficulty_score": 0.123,
      "popularity_score": 0.632,
      "engagement_score": 0.98
    },
    {
      "level_id": "7eefccd5-950c-48a1-a007-bad334624599",
      "title": "Level 99",
      "maker": "Player 9",
      "difficulty": "hard",
      "clear_rate": 54.42,
      "attempts": 475,
      "clears": 81,
      "likes": 333,
      "tags": [
        "platformer",
        "speedrun"
      ],
      "completion_rate": 0.135,
      "difficulty_score": 0.055,
      "popularity_score": 0.402,
      "engagement_score": 0.469
    },
    {
      "level_id": "a6c2291a-a878-424c-908f-efaecf08179b",
      "title": "Level 100",
      "maker": "Player 10",
      "difficulty": "expert",
      "clear_rate": 12.74,
      "attempts": 476,
      "clears": 26,
      "likes": 156,
      "tags": [
        "puzzle",
        "technical"
      ],
      "completion_rate": 0.611,
      "difficulty_score": 0.78,
      "popularity_score": 0.144,
      "engagement_score": 0.805
    },
    {
      "level_id": "858aa02e-159c-4930-b134-5c0f455e694a",
      "title": "Level 101",
      "maker": "Player 1",
      "difficulty": "easy",
      "clear_rate": 69.38,
      "attempts": 521,
      "clears": 96,
      "likes": 450,
      "tags": [
        "platformer",
        "speedrun"
      ],
      "completion_rate": 0.68,
      "difficulty_score": 0.65,
      "popularity_score": 0.022,
      "engagement_score": 0.053
    },
    {
      "level_id": "2a4dc846-f581-4741-b189-94ff8f40912f",
      "title": "Level 102",
      "maker": "Player 2",
      "difficulty": "normal",
      "clear_rate": 84.66,
      "attempts": 85,
      "clears": 40,
      "likes": 168,
      "tags": [
        "puzzle",
        "technical"
      ],
      "completion_rate": 0.867,
      "difficulty_score": 0.416,
      "popularity_score": 0.206,
      "engagement_score": 0.519
    },
    {
      "level_id": "adb40556-3f8a-4dc3-ba4e-e5d176e4b65e",
      "title": "Level 103",
      "maker": "Player 3",
      "difficulty": "hard",
      "clear_rate": 10.9,
      "attempts": 471,
      "clears": 90,
      "likes": 303,
      "tags": [
        "platformer",
        "speedrun"
      ],
      "completion_rate": 0.492,
      "difficulty_score": 0.956,
      "popularity_score": 0.181,
      "engagement_score": 0.914
    },
    {
      "level_id": "f7ce9056-d899-4498-b9f2-386ab8cf2497",
      "title": "Level 104",
      "maker": "Player 4",
      "difficulty": "expert",
      "clear_rate": 83.58,
      "attempts": 437,
      "clears": 48,
      "likes": 65,
      "tags": [
        "puzzle",
        "technical"
      ],
      "completion_rate": 0.471,
      "difficulty_score": 0.81,
      "popularity_score": 0.089,
      "engagement_score": 0.323
    },
    {
      "level_id": "c564c297-e7ae-4431-aedb-c760293578ce",
      "title": "Level 105",
      "maker": "Player 5",
      "difficulty": "easy",
      "clear_rate": 91.54,
      "attempts": 848,
      "clears": 32,
      "likes": 161,
      "tags": [
        "platformer",
        "speedrun"
      ],
      "completion_rate": 0.464,
      "difficulty_score": 0.628,
      "popularity_score": 0.031,
      "engagement_score": 0.934
    },
    {
      "level_id": "36fa9c1b-3803-4628-b3b6-0492fada40fa",
      "title": "Level 106",
      "maker": "Player 6",
      "difficulty": "normal",
      "clear_rate": 9.99,
      "attempts": 735,
      "clears": 1,
      "likes": 354,
      "tags": [
        "puzzle",
        "technical"
      ],
      "completion_rate": 0.366,
      "difficulty_score": 0.074,
      "popularity_score": 0.785,
      "engagement_score": 0.389
    },
    {
      "level_id": "fe12d01c-aa93-41d8-8187-2c76f7e3beb8",
      "title": "Level 107",
      "maker": "Player 7",
      "difficulty": "hard",
      "clear_rate": 35.26,
      "attempts": 256,
      "clears": 92,
      "likes": 178,
      "tags": [
        "platformer",
        "speedrun"
      ],
      "completion_rate": 0.456,
      "difficulty_score": 0.953,
      "popularity_score": 0.069,
      "engagement_score": 0.792
    },
    {
      "level_id": "9307017a-1c03-4f4c-ba98-e6665b81b722",
      "title": "Level 108",
      "maker": "Player 8",
      "difficulty": "expert",
      "clear_rate": 55.05,
      "attempts": 956,
      "clears": 40,
      "likes": 134,
      "tags": [
        "puzzle",
        "technical"
      ],
      "completion_rate": 0.228,
      "difficulty_score": 0.355,
      "popularity_score": 0.171,
      "engagement_score": 0.041
    },
    {
      "level_id": "bee68fc6-0b82-4051-8345-c332d09456c0",
      "title": "Level 109",
      "maker": "Player 9",
      "difficulty": "easy",
      "clear_rate": 49.99,
      "attempts": 650,
      "clears": 45,
      "likes": 375,
      "tags": [
        "platformer",
        "speedrun"
      ],
      "completion_rate": 0.023,
      "difficulty_score": 0.283,
      "popularity_score": 0.487,
      "engagement_score": 0.233
    },
    {
      "level_id": "17e68405-3c30-4ecd-bf36-4a40893dbc26",
      "title": "Level 110",
      "maker": "Player 10",
      "difficulty": "normal",
      "clear_rate": 81.58,
      "attempts": 114,
      "clears": 15,
      "likes": 65,
      "tags": [
        "puzzle",
        "technical"
      ],
      "completion_rate": 0.215,
      "difficulty_score": 0.452,
      "popularity_score": 0.251,
      "engagement_score": 0.845
    },
    {
      "level_id": "d2b7f20a-ea1c-4ad7-9fdf-2e203fb9de47",
      "title": "Level 111",
      "maker": "Player 1",
      "difficulty": "hard",
      "clear_rate": 86.68,
      "attempts": 634,
      "clears": 96,
      "likes": 179,
      "tags": [
        "platformer",
        "speedrun"
      ],
      "completion_rate": 0.796,
      "difficulty_score": 0.142,
      "popularity_score": 0.431,
      "engagement_score": 0.601
    },
    {
      "level_id": "0d8ca6eb-00eb-43c6-bc37-0b8d5a4ea43b",
      "title": "Level 112",
      "maker": "Player 2",
      "difficulty": "expert",
      "clear_rate": 74.34,
      "attempts": 584,
      "clears": 67,
      "likes": 206,
      "tags": [
        "puzzle",
        "technical"
      ],
      "completion_rate": 0.729,
      "difficulty_score": 0.794,
      "popularity_score": 0.73,
      "engagement_score": 0.874
    },
    {
      "level_id": "83b4ea7b-5170-4470-b9c6-5c290d6c1fb4",
      "title": "Level 113",
      "maker": "Player 3",
      "difficulty": "easy",
      "clear_rate": 69.16,
      "attempts": 195,
      "clears": 89,
      "likes": 295,
      "tags": [
        "platformer",
        "speedrun"
      ],
      "completion_rate": 0.008,
      "difficulty_score": 0.085,
      "popularity_score": 0.642,
      "engagement_score": 0.319
    },
    {
      "level_id": "fd805d1c-26b6-42b4-8b90-71344749e516",
      "title": "Level 114",
      "maker": "Player 4",
      "difficulty": "normal",
      "clear_rate": 75.25,
      "attempts": 899,
      "clears": 95,
      "likes": 192,
      "tags": [
        "puzzle",
        "technical"
      ],
      "completion_rate": 0.993,
      "difficulty_score": 0.879,
      "popularity_score": 0.018,
      "engagement_score": 0.15
    },
    {
      "level_id": "ef4ae889-18e9-4704-a8ea-c8b58c9ae5e3",
      "title": "Level 115",
      "maker": "Player 5",
      "difficulty": "hard",
      "clear_rate": 98.66,
      "attempts": 999,
      "clears": 24,
      "likes": 304,
      "tags": [
        "platformer",
        "speedrun"
      ],
      "completion_rate": 0.832,
      "difficulty_score": 0.986,
      "popularity_score": 0.531,
      "engagement_score": 0.197
    },
    {
      "level_id": "32471663-527d-4741-9e13-d4b7925b59f7",
      "title": "Level 116",
      "maker": "Player 6",
      "difficulty": "expert",
      "clear_rate": 2.79,
      "attempts": 148,
      "clears": 19,
      "likes": 214,
      "tags": [
        "puzzle",
        "technical"
      ],
      "completion_rate": 0.452,
      "difficulty_score": 0.081,
      "popularity_score": 0.778,
      "engagement_score": 0.914
    },
    {
      "level_id": "84c94403-46be-40f7-bd3b-680d29437401",
      "title": "Level 117",
      "maker": "Player 7",
      "difficulty": "easy",
      "clear_rate": 50.72,
      "attempts": 185,
      "clears": 37,
      "likes": 50,
      "tags": [
        "platformer",
        "speedrun"
      ],
      "completion_rate": 0.55,
      "difficulty_score": 0.353,
      "popularity_score": 0.691,
      "engagement_score": 0.035
    },
    {
      "level_id": "607ca635-d832-40e4-8d21-b5b3c8533cb5",
      "title": "Level 118",
      "maker": "Player 8",
      "difficulty": "normal",
      "clear_rate": 6.3,
      "attempts": 983,
      "clears": 76,
      "likes": 62,
      "tags": [
        "puzzle",
        "technical"
      ],
      "completion_rate": 0.765,
      "difficulty_score": 0.664,
      "popularity_score": 0.442,
      "engagement_score": 0.331
    },
    {
      "level_id": "8d424a43-8c18-4571-91af-149e9222a082",
      "title": "Level 119",
      "maker": "Player 9",
      "difficulty": "hard",
      "clear_rate": 5.27,
      "attempts": 736,
      "clears": 64,
      "likes": 1,
      "tags": [
        "platformer",
        "speedrun"
      ],
      "completion_rate": 0.625,
      "difficulty_score": 0.088,
      "popularity_score": 0.249,
      "engagement_score": 0.184
    },
    {
      "level_id": "7d66b155-1416-432f-ab44-f7c7fbef6fc2",
      "title": "Level 120",
      "maker": "Player 10",
      "difficulty": "expert",
      "clear_rate": 71.53,
      "attempts": 361,
      "clears": 43,
      "likes": 268,
      "tags": [
        "puzzle",
        "technical"
      ],
      "completion_rate": 0.789,
      "difficulty_score": 0.571,
      "popularity_score": 0.687,
      "engagement_score": 0.228
    },
    {
      "level_id": "16a45d4c-8805-4ca0-83fe-f77a08edc03b",
      "title": "Level 121",
      "maker": "Player 1",
      "difficulty": "easy",
      "clear_rate": 50.5,
      "attempts": 913,
      "clears": 78,
      "likes": 91,
      "tags": [
        "platformer",
        "speedrun"
      ],
      "completion_rate": 0.131,
      "difficulty_score": 0.719,
      "popularity_score": 0.994,
      "engagement_score": 0.671
    },
    {
      "level_id": "9347f535-654a-4280-82fe-f5ef22f412d3",
      "title": "Level 122",
      "maker": "Player 2",
      "difficulty": "normal",
      "clear_rate": 10.25,
      "attempts": 567,
      "clears": 44,
      "likes": 210,
      "tags": [
        "puzzle",
        "technical"
      ],
      "completion_rate": 0.53,
      "difficulty_score": 0.986,
      "popularity_score": 0.525,
      "engagement_score": 0.817
    },
    {
      "level_id": "697b03c3-07b2-4fef-87f5-ab8a3f8f2c5e",
      "title": "Level 123",
      "maker": "Player 3",
      "difficulty": "hard",
      "clear_rate": 65.51,
      "attempts": 455,
      "clears": 44,
      "likes": 113,
      "tags": [
        "platformer",
        "speedrun"
      ],
      "completion_rate": 0.746,
      "difficulty_score": 0.035,
      "popularity_score": 0.336,
      "engagement_score": 0.959
    },
    {
      "level_id": "7325fa93-c1d8-40e1-b777-7fb71ec36332",
      "title": "Level 124",
      "maker": "Player 4",
      "difficulty": "expert",
      "clear_rate": 22.54,
      "attempts": 783,
      "clears": 10,
      "likes": 255,
      "tags": [
        "puzzle",
        "technical"
      ],
      "completion_rate": 0.627,
      "difficulty_score": 0.709,
      "popularity_score": 0.735,
      "engagement_score": 0.501
    },
    {
      "level_id": "85dc3a4d-7106-4c2b-b560-1ca5c0c6f104",
      "title": "Level 125",
      "maker": "Player 5",
      "difficulty": "easy",
      "clear_rate": 52.84,
      "attempts": 985,
      "clears": 27,
      "likes": 35,
      "tags": [
        "platformer",
        "speedrun"
      ],
      "completion_rate": 0.942,
      "difficulty_score": 0.516,
      "popularity_score": 0.732,
      "engagement_score": 0.221
    },
    {
      "level_id": "917f872b-3b2f-482c-aed0-86a1d965f9a0",
      "title": "Level 126",
      "maker": "Player 6",
      "difficulty": "normal",
      "clear_rate": 60.25,
      "attempts": 965,
      "clears": 24,
      "likes": 175,
      "tags": [
        "puzzle",
        "technical"
      ],
      "completion_rate": 0.32,
      "difficulty_score": 0.355,
      "popularity_score": 0.361,
      "engagement_score": 0.822
    },
    {
      "level_id": "546f1c25-b7d3-43fd-b377-c293d000e61a",
      "title": "Level 127",
      "maker": "Player 7",
      "difficulty": "hard",
      "clear_rate": 45.92,
      "attempts": 292,
      "clears": 74,
      "likes": 363,
      "tags": [
        "platformer",
        "speedrun"
      ],
      "completion_rate": 0.792,
      "difficulty_score": 0.726,
      "popularity_score": 0.014,
      "engagement_score": 0.306
    },
    {
      "level_id": "216d134b-4a50-485e-8863-ef508b4412b2",
      "title": "Level 128",
      "maker": "Player 8",
      "difficulty": "expert",
      "clear_rate": 52.88,
      "attempts": 56,
      "clears": 97,
      "likes": 155,
      "tags": [
        "puzzle",
        "technical"
      ],
      "completion_rate": 0.666,
      "difficulty_score": 0.501,
      "popularity_score": 0.262,
      "engagement_score": 0.283
    },
    {
      "level_id": "94c096d9-fbf9-4213-82d5-f60f78648a0d",
      "title": "Level 129",
      "maker": "Player 9",
      "difficulty": "easy",
      "clear_rate": 40.04,
      "attempts": 502,
      "clears": 28,
      "likes": 211,
      "tags": [
        "platformer",
        "speedrun"
      ],
      "completion_rate": 0.448,
      "difficulty_score": 0.166,
      "popularity_score": 0.806,
      "engagement_score": 0.418
    },
    {
      "level_id": "e44765b7-ded1-4c25-bba1-b713c7e8f8aa",
      "title": "Level 130",
      "maker": "Player 10",
      "difficulty": "normal",
      "clear_rate": 32.45,
      "attempts": 262,
      "clears": 5,
      "likes": 275,
      "tags": [
        "puzzle",
        "technical"
      ],
      "completion_rate": 0.434,
      "difficulty_score": 0.917,
      "popularity_score": 0.155,
      "engagement_score": 0.922
    },
    {
      "level_id": "85fce412-9583-4ed1-b6c6-1044c82c465a",
      "title": "Level 131",
      "maker": "Player 1",
      "difficulty": "hard",
      "clear_rate": 9.23,
      "attempts": 709,
      "clears": 80,
      "likes": 396,
      "tags": [
        "platformer",
        "speedrun"
      ],
      "completion_rate": 0.241,
      "difficulty_score": 0.555,
      "popularity_score": 0.673,
      "engagement_score": 0.998
    },
    {
      "level_id": "ead437d4-f58f-4960-a641-ed8188dacf85",
      "title": "Level 132",
      "maker": "Player 2",
      "difficulty": "expert",
      "clear_rate": 43.88,
      "attempts": 651,
      "clears": 94,
      "likes": 248,
      "tags": [
        "puzzle",
        "technical"
      ],
      "completion_rate": 0.254,
      "difficulty_score": 0.47,
      "popularity_score": 0.765,
      "engagement_score": 0.639
    },
    {
      "level_id": "a0e0186e-490f-4b0f-a4a3-704df0d20356",
      "title": "Level 133",
      "maker": "Player 3",
      "difficulty": "easy",
      "clear_rate": 87.52,
      "attempts": 649,
      "clears": 51,
      "likes": 240,
      "tags": [
        "platformer",
        "speedrun"
      ],
      "completion_rate": 0.306,
      "difficulty_score": 0.107,
      "popularity_score": 0.29,
      "engagement_score": 0.077
    }
  ]
}