{
  "levels": [
    {
      "level_id": "2ff768dc-6d1b-4992-adfe-864c921e918f",
      "title": "Level 1",
      "maker": "Player 1",
      "difficulty": "easy",
      "clear_rate": 79.91,
      "attempts": 970,
      "clears": 86,
      "likes": 370,
      "tags": [
        "platformer",
        "speedrun"
      ],
      "completion_rate": 0.242,
      "difficulty_score": 0.165,
      "popularity_score": 0.994,
      "engagement_score": 0.265
    },
    {
      "level_id": "6187dd8f-646a-4d3e-8758-3290ffeda26b",
      "title": "Level 2",
      "maker": "Player 2",
      "difficulty": "normal",
      "clear_rate": 47.3,
      "attempts": 600,
      "clears": 47,
      "likes": 134,
      "tags": [
        "puzzle",
        "technical"
      ],
      "completion_rate": 0.628,
      "difficulty_score": 0.305,
      "popularity_score": 0.17,
      "engagement_score": 0.314
    },
    {
      "level_id": "1cf3240f-c23e-4a7a-a5ea-7f5f2f7338d0",
      "title": "Level 3",
      "maker": "Player 3",
      "difficulty": "hard",
      "clear_rate": 51.17,
      "attempts": 970,
      "clears": 75,
      "likes": 451,
      "tags": [
        "platformer",
        "speedrun"
      ],
      "completion_rate": 0.744,
      "difficulty_score": 0.214,
      "popularity_score": 0.094,
      "engagement_score": 0.527
    },
    {
      "level_id": "fadf2385-3681-42a1-abc6-b8a3cf2119c7",
      "title": "Level 4",
      "maker": "Player 4",
      "difficulty": "expert",
      "clear_rate": 52.4,
      "attempts": 491,
      "clears": 24,
      "likes": 141,
      "tags": [
        "puzzle",
        "technical"
      ],
      "completion_rate": 0.109,
      "difficulty_score": 0.707,
      "popularity_score": 0.588,
      "engagement_score": 0.578
    },
    {
      "level_id": "3654404e-3405-44ba-92ef-e204394b9255",
      "title": "Level 5",
      "maker": "Player 5",
      "difficulty": "easy",
      "clear_rate": 63.72,
      "attempts": 774,
      "clears": 26,
      "likes": 363,
      "tags": [
        "platformer",
        "speedrun"
      ],
      "completion_rate": 0.759,
      "difficulty_score": 0.839,
      "popularity_score": 0.52,
      "engagement_score": 0.719
    },
    {
      "level_id": "604f08a7-0cd9-42b7-ab53-968e3b941702",
      "title": "Level 6",
      "maker": "Player 6",
      "difficulty": "normal",
      "clear_rate": 13.19,
      "attempts": 686,
      "clears": 67,
      "likes": 165,
      "tags": [
        "puzzle",
        "technical"
      ],
      "completion_rate": 0.896,
      "difficulty_score": 0.176,
      "popularity_score": 0.822,
      "engagement_score": 0.028
    },
    {
      "level_id": "06e170c0-a775-42af-9394-9a4c2f26f6e0",
      "title": "Level 7",
      "maker": "Player 7",
      "difficulty": "hard",
      "clear_rate": 95.16,
      "attempts": 917,
      "clears": 23,
      "likes": 382,
      "tags": [
        "platformer",
        "speedrun"
      ],
      "completion_rate": 0.665,
      "difficulty_score": 0.984,
      "popularity_score": 0.276,
      "engagement_score": 0.312
    },
    {
      "level_id": "382b0897-5c4a-4de6-aa0f-1f5882dd4531",
      "title": "Level 8",
      "maker": "Player 8",
      "difficulty": "expert",
      "clear_rate": 20.9,
      "attempts": 375,
      "clears": 16,
      "likes": 401,
      "tags": [
        "puzzle",
        "technical"
      ],
      "completion_rate": 0.462,
      "difficulty_score": 0.923,
      "popularity_score": 0.547,
      "engagement_score": 0.568
    },
    {
      "level_id": "d9b0739a-1be8-4d19-9d42-4699a8115a3c",
      "title": "Level 9",
      "maker": "Player 9",
      "difficulty": "easy",
      "clear_rate": 57.73,
      "attempts": 380,
      "clears": 74,
      "likes": 24,
      "tags": [
        "platformer",
        "speedrun"
      ],
      "completion_rate": 0.904,
      "difficulty_score": 0.326,
      "popularity_score": 0.623,
      "engagement_score": 0.897
    },
    {
      "level_id": "678ec16e-97f7-47ce-ad84-16deb0432a09",
      "title": "Level 10",
      "maker": "Player 10",
      "difficulty": "normal",
      "clear_rate": 71.99,
      "attempts": 655,
      "clears": 80,
      "likes": 30,
      "tags": [
        "puzzle",
        "technical"
      ],
      "completion_rate": 0.857,
      "difficulty_score": 0.623,
      "popularity_score": 0.738,
      "engagement_score": 0.44
    },
    {
      "level_id": "d3ee9571-9367-46da-8381-cafd2333c766",
      "title": "Level 11",
      "maker": "Player 1",
      "difficulty": "hard",
      "clear_rate": 96.15,
      "attempts": 234,
      "clears": 32,
      "likes": 304,
      "tags": [
        "platformer",
        "speedrun"
      ],
      "completion_rate": 0.435,
      "difficulty_score": 0.226,
      "popularity_score": 0.203,
      "engagement_score": 0.506
    },
    {
      "level_id": "43223321-4975-48b3-9794-06ad00ea8b9c",
      "title": "Level 12",
      "maker": "Player 2",
      "difficulty": "expert",
      "clear_rate": 60.56,
      "attempts": 904,
      "clears": 64,
      "likes": 110,
      "tags": [
        "puzzle",
        "technical"
      ],
      "completion_rate": 0.793,
      "difficulty_score": 0.033,
      "popularity_score": 0.627,
      "engagement_score": 0.228
    },
    {
      "level_id": "bf30105b-d24f-4299-8a6a-d1c2431bb8a9",
      "title": "Level 13",
      "maker": "Player 3",
      "difficulty": "easy",
      "clear_rate": 37.33,
      "attempts": 814,
      "clears": 41,
      "likes": 265,
      "tags": [
        "platformer",
        "speedrun"
      ],
      "completion_rate": 0.711,
      "difficulty_score": 0.004,
      "popularity_score": 0.319,
      "engagement_score": 0.836
    },
    {
      "level_id": "8c344c96-21c1-4896-9f1a-2573b166496f",
      "title": "Level 14",
      "maker": "Player 4",
      "difficulty": "normal",
      "clear_rate": 56.68,
      "attempts": 248,
      "clears": 97,
      "likes": 342,
      "tags": [
        "puzzle",
        "technical"
      ],
      "completion_rate": 0.292,
      "difficulty_score": 0.853,
      "popularity_score": 0.78,
      "engagement_score": 0.257
    },
    {
      "level_id": "c7eecc50-00b4-41fe-84b1-bbe6d061fcdd",
      "title": "Level 15",
      "maker": "Player 5",
      "difficulty": "hard",
      "clear_rate": 56.53,
      "attempts": 339,
      "clears": 80,
      "likes": 298,
      "tags": [
        "platformer",
        "speedrun"
      ],
      "completion_rate": 0.397,
      "difficulty_score": 0.327,
      "popularity_score": 0.152,
      "engagement_score": 0.264
    },
    {
      "level_id": "187475dc-2a71-4d04-9eb8-a350b409ae5a",
      "title": "Level 16",
      "maker": "Player 6",
      "difficulty": "expert",
      "clear_rate": 30.07,
      "attempts": 345,
      "clears": 61,
      "likes": 145,
      "tags": [
        "puzzle",
        "technical"
      ],
      "completion_rate": 0.623,
      "difficulty_score": 0.884,
      "popularity_score": 0.444,
      "engagement_score": 0.353
    },
    {
      "level_id": "78495817-3ded-4acb-8492-7f30fcefa4d2",
      "title": "Level 17",
      "maker": "Player 7",
      "difficulty": "easy",
      "clear_rate": 44.92,
      "attempts": 320,
      "clears": 66,
      "likes": 160,
      "tags": [
        "platformer",
        "speedrun"
      ],
      "completion_rate": 0.224,
      "difficulty_score": 0.391,
      "popularity_score": 0.305,
      "engagement_score": 0.799
    },
    {
      "level_id": "7e004751-e7f1-4532-b3dd-0eaa4dbb4aa9",
      "title": "Level 18",
      "maker": "Player 8",
      "difficulty": "normal",
      "clear_rate": 11.11,
      "attempts": 858,
      "clears": 15,
      "likes": 460,
      "tags": [
        "puzzle",
        "technical"
      ],
      "completion_rate": 0.594,
      "difficulty_score": 0.14,
      "popularity_score": 0.867,
      "engagement_score": 0.216
    },
    {
      "level_id": "905715d1-9c8c-4a98-a877-b70265ea3922",
      "title": "Level 19",
      "maker": "Player 9",
      "difficulty": "hard",
      "clear_rate": 14.09,
      "attempts": 412,
      "clears": 1,
      "likes": 363,
      "tags": [
        "platformer",
        "speedrun"
      ],
      "completion_rate": 0.79,
      "difficulty_score": 0.548,
      "popularity_score": 0.966,
      "engagement_score": 0.023
    },
    {
      "level_id": "48e6fe89-aebe-4952-ac30-d550b10764cd",
      "title": "Level 20",
      "maker": "Player 10",
      "difficulty": "expert",
      "clear_rate": 80.91,
      "attempts": 777,
      "clears": 16,
      "likes": 135,
      "tags": [
        "puzzle",
        "technical"
      ],
      "completion_rate": 0.713,
      "difficulty_score": 0.187,
      "popularity_score": 0.046,
      "engagement_score": 0.167
    },
    {
      "level_id": "69dbe7e8-f170-484c-93a8-cae663912243",
      "title": "Level 21",
      "maker": "Player 1",
      "difficulty": "easy",
      "clear_rate": 39.4,
      "attempts": 146,
      "clears": 82,
      "likes": 365,
      "tags": [
        "platformer",
        "speedrun"
      ],
      "completion_rate": 0.095,
      "difficulty_score": 0.101,
      "popularity_score": 0.678,
      "engagement_score": 0.779
    },
    {
      "level_id": "b39188ae-e257-427d-9604-8d3afc0e2aae",
      "title": "Level 22",
      "maker": "Player 2",
      "difficulty": "normal",
      "clear_rate": 76.81,
      "attempts": 131,
      "clears": 95,
      "likes": 191,
      "tags": [
        "puzzle",
        "technical"
      ],
      "completion_rate": 0.789,
      "difficulty_score": 0.543,
      "popularity_score": 0.389,
      "engagement_score": 0.678
    },
    {
      "level_id": "a73fe639-0f39-45a3-a74b-87cf091f9dd9",
      "title": "Level 23",
      "maker": "Player 3",
      "difficulty": "hard",
      "clear_rate": 51.57,
      "attempts": 684,
      "clears": 11,
      "likes": 452,
      "tags": [
        "platformer",
        "speedrun"
      ],
      "completion_rate": 0.489,
      "difficulty_score": 0.769,
      "popularity_score": 0.917,
      "engagement_score": 0.658
    },
    {
      "level_id": "3a31a2df-da43-4478-9493-216f79029177",
      "title": "Level 24",
      "maker": "Player 4",
      "difficulty": "expert",
      "clear_rate": 96.4,
      "attempts": 169,
      "clears": 29,
      "likes": 407,
      "tags": [
        "puzzle",
        "technical"
      ],
      "completion_rate": 1.0,
      "difficulty_score": 0.644,
      "popularity_score": 0.415,
      "engagement_score": 0.293
    },
    {
      "level_id": "a73541a8-9e51-487c-810a-31b5960dfb46",
      "title": "Level 25",
      "maker": "Player 5",
      "difficulty": "easy",
      "clear_rate": 59.5,
      "attempts": 646,
      "clears": 27,
      "likes": 315,
      "tags": [
        "platformer",
        "speedrun"
      ],
      "completion_rate": 0.217,
      "difficulty_score": 0.157,
      "popularity_score": 0.984,
      "engagement_score": 0.432
    },
    {
      "level_id": "82ce8ce2-e1e9-42d3-8c26-55182291fb87",
      "title": "Level 26",
      "maker": "Player 6",
      "difficulty": "normal",
      "clear_rate": 73.92,
      "attempts": 728,
      "clears": 10,
      "likes": 282,
      "tags": [
        "puzzle",
        "technical"
      ],
      "completion_rate": 0.294,
      "difficulty_score": 0.721,
      "popularity_score": 0.323,
      "engagement_score": 0.834
    },
    {
      "level_id": "f424e89e-bea3-493f-941b-32ea216a70c0",
      "title": "Level 27",
      "maker": "Player 7",
      "difficulty": "hard",
      "clear_rate": 38.75,
      "attempts": 269,
      "clears": 60,
      "likes": 240,
      "tags": [
        "platformer",
        "speedrun"
      ],
      "completion_rate": 0.043,
      "difficulty_score": 0.347,
      "popularity_score": 0.395,
      "engagement_score": 0.522
    },
    {
      "level_id": "99edd2ed-fda0-4b98-81e2-48e493169dc3",
      "title": "Level 28",
      "maker": "Player 8",
      "difficulty": "expert",
      "clear_rate": 33.25,
      "attempts": 35,
      "clears": 58,
      "likes": 71,
      "tags": [
        "puzzle",
        "technical"
      ],
      "completion_rate": 0.522,
      "difficulty_score": 0.224,
      "popularity_score": 0.224,
      "engagement_score": 0.837
    },
    {
      "level_id": "d2e885ff-2229-4be2-a1d5-c751301149f6",
      "title": "Level 29",
      "maker": "Player 9",
      "difficulty": "easy",
      "clear_rate": 68.15,
      "attempts": 959,
      "clears": 71,
      "likes": 278,
      "tags": [
        "platformer",
        "speedrun"
      ],
      "completion_rate": 0.758,
      "difficulty_score": 0.559,
      "popularity_score": 0.511,
      "engagement_score": 0.625
    },
    {
      "level_id": "82fbb2ff-a0b7-44c1-8dc7-6b28d4b02a4a",
      "title": "Level 30",
      "maker": "Player 10",
      "difficulty": "normal",
      "clear_rate": 72.62,
      "attempts": 60,
      "clears": 29,
      "likes": 394,
      "tags": [
        "puzzle",
        "technical"
      ],
      "completion_rate": 0.648,
      "difficulty_score": 0.547,
      "popularity_score": 0.886,
      "engagement_score": 0.107
    },
    {
      "level_id": "9fe4e576-ab01-4cda-af02-7d1a0404e452",
      "title": "Level 31",
      "maker": "Player 1",
      "difficulty": "hard",
      "clear_rate": 84.47,
      "attempts": 347,
      "clears": 54,
      "likes": 203,
      "tags": [
        "platformer",
        "speedrun"
      ],
      "completion_rate": 0.416,
      "difficulty_score": 0.903,
      "popularity_score": 0.284,
      "engagement_score": 0.168
    },
    {
      "level_id": "98ad40dd-78c3-4d70-9c6d-da66a4128efa",
      "title": "Level 32",
      "maker": "Player 2",
      "difficulty": "expert",
      "clear_rate": 45.96,
      "attempts": 320,
      "clears": 6,
      "likes": 320,
      "tags": [
        "puzzle",
        "technical"
      ],
      "completion_rate": 0.346,
      "difficulty_score": 0.778,
      "popularity_score": 0.339,
      "engagement_score": 0.837
    },
    {
      "level_id": "2a77671e-1b5d-4796-bbd9-50dc93c046e2",
      "title": "Level 33",
      "maker": "Player 3",
      "difficulty": "easy",
      "clear_rate": 49.89,
      "attempts": 416,
      "clears": 22,
      "likes": 42,
      "tags": [
        "platformer",
        "speedrun"
      ],
      "completion_rate": 0.149,
      "difficulty_score": 0.99,
      "popularity_score": 0.577,
      "engagement_score": 0.661
    },
    {
      "level_id": "f547340c-5bf9-41bc-8960-97b2b5edee44",
      "title": "Level 34",
      "maker": "Player 4",
      "difficulty": "normal",
      "clear_rate": 19.69,
      "attempts": 475,
      "clears": 36,
      "likes": 157,
      "tags": [
        "puzzle",
        "technical"
      ],
      "completion_rate": 0.758,
      "difficulty_score": 0.51,
      "popularity_score": 0.257,
      "engagement_score": 0.362
    },
    {
      "level_id": "a6d87d62-8dfa-4be6-8dda-5edf21468b1b",
      "title": "Level 35",
      "maker": "Player 5",
      "difficulty": "hard",
      "clear_rate": 36.69,
      "attempts": 242,
      "clears": 85,
      "likes": 161,
      "tags": [
        "platformer",
        "speedrun"
      ],
      "completion_rate": 0.593,
      "difficulty_score": 0.681,
      "popularity_score": 0.2,
      "engagement_score": 0.607
    },
    {
      "level_id": "8ef6af0f-2cff-4c79-9746-f8be31b3ce77",
      "title": "Level 36",
      "maker": "Player 6",
      "difficulty": "expert",
      "clear_rate": 90.06,
      "attempts": 967,
      "clears": 30,
      "likes": 285,
      "tags": [
        "puzzle",
        "technical"
      ],
      "completion_rate": 0.195,
      "difficulty_score": 0.039,
      "popularity_score": 0.784,
      "engagement_score": 0.193
    },
    {
      "level_id": "3ac7957a-e06a-48ca-b585-deaf679ad3a5",
      "title": "Level 37",
      "maker": "Player 7",
      "difficulty": "easy",
      "clear_rate": 23.59,
      "attempts": 748,
      "clears": 53,
      "likes": 484,
      "tags": [
        "platformer",
        "speedrun"
      ],
      "completion_rate": 0.185,
      "difficulty_score": 0.568,
      "popularity_score": 0.302,
      "engagement_score": 0.649
    },
    {
      "level_id": "97c6155b-dc0f-4f00-8e45-13d6b542a364",
      "title": "Level 38",
      "maker": "Player 8",
      "difficulty": "normal",
      "clear_rate": 1.39,
      "attempts": 240,
      "clears": 91,
      "likes": 215,
      "tags": [
        "puzzle",
        "technical"
      ],
      "completion_rate": 0.283,
      "difficulty_score": 0.259,
      "popularity_score": 0.643,
      "engagement_score": 0.234
    },
    {
      "level_id": "7cef1ff9-4655-4ecc-8ab1-f5949fb939d1",
      "title": "Level 39",
      "maker": "Player 9",
      "difficulty": "hard",
      "clear_rate": 69.54,
      "attempts": 145,
      "clears": 65,
      "likes": 216,
      "tags": [
        "platformer",
        "speedrun"
      ],
      "completion_rate": 0.132,
      "difficulty_score": 0.756,
      "popularity_score": 0.855,
      "engagement_score": 0.025
    },
    {
      "level_id": "693350ed-0702-4097-9bbc-7e7c8df3cdd2",
      "title": "Level 40",
      "maker": "Player 10",
      "difficulty": "expert",
      "clear_rate": 64.03,
      "attempts": 949,
      "clears": 77,
      "likes": 412,
      "tags": [
        "puzzle",
        "technical"
      ],
      "completion_rate": 0.225,
      "difficulty_score": 0.519,
      "popularity_score": 0.685,
      "engagement_score": 0.604
    },
    {
      "level_id": "148162f9-6fa5-4964-9dfc-be67f0b8fbb6",
      "title": "Level 41",
      "maker": "Player 1",
      "difficulty": "easy",
      "clear_rate": 32.53,
      "attempts": 145,
      "clears": 16,
      "likes": 459,
      "tags": [
        "platformer",
        "speedrun"
      ],
      "completion_rate": 0.28,
      "difficulty_score": 0.217,
      "popularity_score": 0.707,
      "engagement_score": 0.759
    },
    {
      "level_id": "592b2e47-d1b4-4b54-9260-1e955e9eddc7",
      "title": "Level 42",
      "maker": "Player 2",
      "difficulty": "normal",
      "clear_rate": 27.97,
      "attempts": 444,
      "clears": 24,
      "likes": 47,
      "tags": [
        "puzzle",
        "technical"
      ],
      "completion_rate": 0.182,
      "difficulty_score": 0.912,
      "popularity_score": 0.277,
      "engagement_score": 0.388
    },
    {
      "level_id": "6e2d08e5-6e6c-4c26-80ba-f0c1d9acfc6b",
      "title": "Level 43",
      "maker": "Player 3",
      "difficulty": "hard",
      "clear_rate": 37.13,
      "attempts": 864,
      "clears": 59,
      "likes": 261,
      "tags": [
        "platformer",
        "speedrun"
      ],
      "completion_rate": 0.123,
      "difficulty_score": 0.131,
      "popularity_score": 0.223,
      "engagement_score": 0.286
    },
    {
      "level_id": "6b4e53b8-c5eb-45f1-b7b7-da2b1b233df5",
      "title": "Level 44",
      "maker": "Player 4",
      "difficulty": "expert",
      "clear_rate": 55.84,
      "attempts": 283,
      "clears": 43,
      "likes": 126,
      "tags": [
        "puzzle",
        "technical"
      ],
      "completion_rate": 0.916,
      "difficulty_score": 0.361,
      "popularity_score": 0.49,
      "engagement_score": 0.219
    },
    {
      "level_id": "c19b6e75-c6a6-4276-84dd-2b1f6a665766",
      "title": "Level 45",
      "maker": "Player 5",
      "difficulty": "easy",
      "clear_rate": 70.7,
      "attempts": 679,
      "clears": 76,
      "likes": 276,
      "tags": [
        "platformer",
        "speedrun"
      ],
      "completion_rate": 0.399,
      "difficulty_score": 0.578,
      "popularity_score": 0.959,
      "engagement_score": 0.554
    },
    {
      "level_id": "539d4aa2-4363-4f91-aa7e-c9fc708f687f",
      "title": "Level 46",
      "maker": "Player 6",
      "difficulty": "normal",
      "clear_rate": 57.65,
      "attempts": 824,
      "clears": 58,
      "likes": 227,
      "tags": [
        "puzzle",
        "technical"
      ],
      "completion_rate": 0.854,
      "difficulty_score": 0.05,
      "popularity_score": 0.707,
      "engagement_score": 0.059
    },
    {
      "level_id": "d8b1004b-fd1e-4b62-bb25-06ab56e85652",
      "title": "Level 47",
      "maker": "Player 7",
      "difficulty": "hard",
      "clear_rate": 12.82,
      "attempts": 317,
      "clears": 3,
      "likes": 462,
      "tags": [
        "platformer",
        "speedrun"
      ],
      "completion_rate": 0.527,
      "difficulty_score": 0.618,
      "popularity_score": 0.954,
      "engagement_score": 0.454
    },
    {
      "level_id": "3a2c3089-1301-4259-818e-0982500a7fae",
      "title": "Level 48",
      "maker": "Player 8",
      "difficulty": "expert",
      "clear_rate": 78.11,
      "attempts": 53,
      "clears": 43,
      "likes": 9,
      "tags": [
        "puzzle",
        "technical"
      ],
      "completion_rate": 0.572,
      "difficulty_score": 0.113,
      "popularity_score": 0.203,
      "engagement_score": 0.554
    },
    {
      "level_id": "0e591c61-1617-48aa-b28e-fa1ee552c247",
      "title": "Level 49",
      "maker": "Player 9",
      "difficulty": "easy",
      "clear_rate": 38.89,
      "attempts": 488,
      "clears": 71,
      "likes": 114,
      "tags": [
        "platformer",
        "speedrun"
      ],
      "completion_rate": 0.223,
      "difficulty_score": 0.389,
      "popularity_score": 0.524,
      "engagement_score": 0.815
    },
    {
      "level_id": "71624a19-04c7-4456-be07-3d0bf31d9f91",
      "title": "Level 50",
      "maker": "Player 10",
      "difficulty": "normal",
      "clear_rate": 85.92,
      "attempts": 584,
      "clears": 2,
      "likes": 439,
      "tags": [
        "puzzle",
        "technical"
      ],
      "completion_rate": 0.998,
      "difficulty_score": 0.892,
      "popularity_score": 0.01,
      "engagement_score": 0.96
    },
    {
      "level_id": "733cebbe-6233-48cb-8f92-78f8c5d50f00",
      "title": "Level 51",
      "maker": "Player 1",
      "difficulty": "hard",
      "clear_rate": 58.7,
      "attempts": 464,
      "clears": 24,
      "likes": 304,
      "tags": [
        "platformer",
        "speedrun"
      ],
      "completion_rate": 0.895,
      "difficulty_score": 0.749,
      "popularity_score": 0.705,
      "engagement_score": 0.275
    },
    {
      "level_id": "c3b8b5ce-77fd-4878-a963-46ae8b5c6b02",
      "title": "Level 52",
      "maker": "Player 2",
      "difficulty": "expert",
      "clear_rate": 7.79,
      "attempts": 602,
      "clears": 52,
      "likes": 302,
      "tags": [
        "puzzle",
        "technical"
      ],
      "completion_rate": 0.559,
      "difficulty_score": 0.772,
      "popularity_score": 0.683,
      "engagement_score": 0.526
    },
    {
      "level_id": "cb25801f-412f-4e3d-9c4d-34d028466f74",
      "title": "Level 53",
      "maker": "Player 3",
      "difficulty": "easy",
      "clear_rate": 6.39,
      "attempts": 147,
      "clears": 61,
      "likes": 419,
      "tags": [
        "platformer",
        "speedrun"
      ],
      "completion_rate": 0.094,
      "difficulty_score": 0.434,
      "popularity_score": 0.417,
      "engagement_score": 0.574
    },
    {
      "level_id": "a327dff7-d3d1-46ba-9ac1-95cc8ce6754a",
      "title": "Level 54",
      "maker": "Player 4",
      "difficulty": "normal",
      "clear_rate": 83.65,
      "attempts": 934,
      "clears": 10,
      "likes": 115,
      "tags": [
        "puzzle",
        "technical"
      ],
      "completion_rate": 0.269,
      "difficulty_score": 0.621,
      "popularity_score": 1.0,
      "engagement_score": 0.666
    },
    {
      "level_id": "cbb1c865-a151-420f-b69d-8ce0198707d9",
      "title": "Level 55",
      "maker": "Player 5",
      "difficulty": "hard",
      "clear_rate": 81.79,
      "attempts": 101,
      "clears": 58,
      "likes": 290,
      "tags": [
        "platformer",
        "speedrun"
      ],
      "completion_rate": 0.893,
      "difficulty_score": 0.249,
      "popularity_score": 0.972,
      "engagement_score": 0.689
    },
    {
      "level_id": "9a79eb49-a3e9-447c-955d-ff8bcad4ed10",
      "title": "Level 56",
      "maker": "Player 6",
      "difficulty": "expert",
      "clear_rate": 20.47,
      "attempts": 662,
      "clears": 55,
      "likes": 111,
      "tags": [
        "puzzle",
        "technical"
      ],
      "completion_rate": 0.608,
      "difficulty_score": 0.321,
      "popularity_score": 0.898,
      "engagement_score": 0.374
    },
    {
      "level_id": "7f588cfd-66f6-4d94-a8e3-9740d9389118",
      "title": "Level 57",
      "maker": "Player 7",
      "difficulty": "easy",
      "clear_rate": 14.54,
      "attempts": 158,
      "clears": 80,
      "likes": 136,
      "tags": [
        "platformer",
        "speedrun"
      ],
      "completion_rate": 0.609,
      "difficulty_score": 0.168,
      "popularity_score": 0.669,
      "engagement_score": 0.752
    },
    {
      "level_id": "091a400e-5c15-4dae-99a5-752e9bf615a8",
      "title": "Level 58",
      "maker": "Player 8",
      "difficulty": "normal",
      "clear_rate": 33.85,
      "attempts": 409,
      "clears": 28,
      "likes": 259,
      "tags": [
        "puzzle",
        "technical"
      ],
      "completion_rate": 0.1,
      "difficulty_score": 0.727,
      "popularity_score": 0.261,
      "engagement_score": 0.541
    },
    {
      "level_id": "ab1dbb85-eddb-4b6f-bf93-81b3ecc82160",
      "title": "Level 59",
      "maker": "Player 9",
      "difficulty": "hard",
      "clear_rate": 16.04,
      "attempts": 521,
      "clears": 34,
      "likes": 68,
      "tags": [
        "platformer",
        "speedrun"
      ],
      "completion_rate": 0.802,
      "difficulty_score": 0.898,
      "popularity_score": 0.788,
      "engagement_score": 0.755
    },
    {
      "level_id": "9d49c43a-fcc8-4bad-b772-c5fb978223f6",
      "title": "Level 60",
      "maker": "Player 10",
      "difficulty": "expert",
      "clear_rate": 82.67,
      "attempts": 964,
      "clears": 55,
      "likes": 86,
      "tags": [
        "puzzle",
        "technical"
      ],
      "completion_rate": 0.876,
      "difficulty_score": 0.628,
      "popularity_score": 0.747,
      "engagement_score": 0.764
    },
    {
      "level_id": "5a8acee3-71f1-417a-bf4e-9d48a0d1cf06",
      "title": "Level 61",
      "maker": "Player 1",
      "difficulty": "easy",
      "clear_rate": 20.95,
      "attempts": 159,
      "clears": 44,
      "likes": 31,
      "tags": [
        "platformer",
        "speedrun"
      ],
      "completion_rate": 0.496,
      "difficulty_score": 0.355,
      "popularity_score": 0.175,
      "engagement_score": 0.327
    },
    {
      "level_id": "47277426-6d79-4fce-a46a-6b7ef14a1a45",
      "title": "Level 62",
      "maker": "Player 2",
      "difficulty": "normal",
      "clear_rate": 34.74,
      "attempts": 295,
      "clears": 9,
      "likes": 244,
      "tags": [
        "puzzle",
        "technical"
      ],
      "completion_rate": 0.63,
      "difficulty_score": 0.952,
      "popularity_score": 0.695,
      "engagement_score": 0.731
    },
    {
      "level_id": "c7e5236e-6cd0-407e-9142-6d9201a0ffae",
      "title": "Level 63",
      "maker": "Player 3",
      "difficulty": "hard",
      "clear_rate": 50.34,
      "attempts": 283,
      "clears": 27,
      "likes": 203,
      "tags": [
        "platformer",
        "speedrun"
      ],
      "completion_rate": 0.171,
      "difficulty_score": 0.299,
      "popularity_score": 0.885,
      "engagement_score": 0.09
    },
    {
      "level_id": "98127e22-b513-4269-99ce-245fc8987fd9",
      "title": "Level 64",
      "maker": "Player 4",
      "difficulty": "expert",
      "clear_rate": 6.62,
      "attempts": 562,
      "clears": 37,
      "likes": 6,
      "tags": [
        "puzzle",
        "technical"
      ],
      "completion_rate": 0.633,
      "difficulty_score": 0.214,
      "popularity_score": 0.856,
      "engagement_score": 0.128
    },
    {
      "level_id": "b1c59a97-103e-41ac-a648-e8f46faa02f0",
      "title": "Level 65",
      "maker": "Player 5",
      "difficulty": "easy",
      "clear_rate": 32.23,
      "attempts": 391,
      "clears": 96,
      "likes": 338,
      "tags": [
        "platformer",
        "speedrun"
      ],
      "completion_rate": 0.622,
      "difficulty_score": 0.702,
      "popularity_score": 0.023,
      "engagement_score": 0.727
    },
    {
      "level_id": "b8951821-1e48-4384-ad07-39088ab4ff9c",
      "title": "Level 66",
      "maker": "Player 6",
      "difficulty": "normal",
      "clear_rate": 90.86,
      "attempts": 727,
      "clears": 49,
      "likes": 245,
      "tags": [
        "puzzle",
        "technical"
      ],
      "completion_rate": 0.824,
      "difficulty_score": 0.697,
      "popularity_score": 0.498,
      "engagement_score": 0.028
    },
    {
      "level_id": "ed545668-3a68-41bd-97f9-74b4a6b4f104",
      "title": "Level 67",
      "maker": "Player 7",
      "difficulty": "hard",
      "clear_rate": 25.55,
      "attempts": 902,
      "clears": 7,
      "likes": 448,
      "tags": [
        "platformer",
        "speedrun"
      ],
      "completion_rate": 0.709,
      "difficulty_score": 0.892,
      "popularity_score": 0.917,
      "engagement_score": 0.488
    },
    {
      "level_id": "0eb11600-92e7-4eaf-b9b7-f83aaea7f01c",
      "title": "Level 68",
      "maker": "Player 8",
      "difficulty": "expert",
      "clear_rate": 23.05,
      "attempts": 692,
      "clears": 66,
      "likes": 16,
      "tags": [
        "puzzle",
        "technical"
      ],
      "completion_rate": 0.292,
      "difficulty_score": 0.04,
      "popularity_score": 0.428,
      "engagement_score": 0.596
    },
    {
      "level_id": "84829071-e808-4f7b-b4ca-2b297e889906",
      "title": "Level 69",
      "maker": "Player 9",
      "difficulty": "easy",
      "clear_rate": 4.46,
      "attempts": 930,
      "clears": 38,
      "likes": 224,
      "tags": [
        "platformer",
        "speedrun"
      ],
      "completion_rate": 0.715,
      "difficulty_score": 0.073,
      "popularity_score": 0.16,
      "engagement_score": 0.92
    },
    {
      "level_id": "4c143e18-851f-46cb-a291-173d0d18ee2d",
      "title": "Level 70",
      "maker": "Player 10",
      "difficulty": "normal",
      "clear_rate": 41.93,
      "attempts": 306,
      "clears": 5,
      "likes": 106,
      "tags": [
        "puzzle",
        "technical"
      ],
      "completion_rate": 0.266,
      "difficulty_score": 0.139,
      "popularity_score": 0.488,
      "engagement_score": 0.044
    },
    {
      "level_id": "1e3ea747-8bfa-4464-9cd9-cff8c2980a65",
      "title": "Level 71",
      "maker": "Player 1",
      "difficulty": "hard",
      "clear_rate": 8.56,
      "attempts": 724,
      "clears": 70,
      "likes": 122,
      "tags": [
        "platformer",
        "speedrun"
      ],
      "completion_rate": 0.027,
      "difficulty_score": 0.905,
      "popularity_score": 0.748,
      "engagement_score": 0.689
    },
    {
      "level_id": "b128cdaf-f6a3-4a9c-bbde-8453c2f207d6",
      "title": "Level 72",
      "maker": "Player 2",
      "difficulty": "expert",
      "clear_rate": 9.76,
      "attempts": 110,
      "clears": 7,
      "likes": 397,
      "tags": [
        "puzzle",
        "technical"
      ],
      "completion_rate": 0.942,
      "difficulty_score": 0.931,
      "popularity_score": 0.784,
      "engagement_score": 0.023
    },
    {
      "level_id": "f4ccc87d-50a9-4bfe-8456-c0d70ba4cc04",
      "title": "Level 73",
      "maker": "Player 3",
      "difficulty": "easy",
      "clear_rate": 77.83,
      "attempts": 149,
      "clears": 75,
      "likes": 378,
      "tags": [
        "platformer",
        "speedrun"
      ],
      "completion_rate": 0.508,
      "difficulty_score": 0.726,
      "popularity_score": 0.039,
      "engagement_score": 0.276
    },
    {
      "level_id": "2459acf5-44a8-4c72-9c99-712ea13b6a16",
      "title": "Level 74",
      "maker": "Player 4",
      "difficulty": "normal",
      "clear_rate": 85.78,
      "attempts": 456,
      "clears": 80,
      "likes": 94,
      "tags": [
        "puzzle",
        "technical"
      ],
      "completion_rate": 0.62,
      "difficulty_score": 0.364,
      "popularity_score": 0.719,
      "engagement_score": 0.976
    },
    {
      "level_id": "cd09c3f0-01ac-4906-b11a-1c35e10d588d",
      "title": "Level 75",
      "maker": "Player 5",
      "difficulty": "hard",
      "clear_rate": 15.06,
      "attempts": 694,
      "clears": 89,
      "likes": 370,
      "tags": [
        "platformer",
        "speedrun"
      ],
      "completion_rate": 0.969,
      "difficulty_score": 0.682,
      "popularity_score": 0.998,
      "engagement_score": 0.877
    },
    {
      "level_id": "d91a4bd1-82fd-4fa3-82ac-458f77f4e743",
      "title": "Level 76",
      "maker": "Player 6",
      "difficulty": "expert",
      "clear_rate": 36.47,
      "attempts": 619,
      "clears": 77,
      "likes": 85,
      "tags": [
        "puzzle",
        "technical"
      ],
      "completion_rate": 0.656,
      "difficulty_score": 0.265,
      "popularity_score": 0.493,
      "engagement_score": 0.04
    },
    {
      "level_id": "86c6a0bf-2a16-4d9e-ac44-6145cf9d8233",
      "title": "Level 77",
      "maker": "Player 7",
      "difficulty": "easy",
      "clear_rate": 52.33,
      "attempts": 376,
      "clears": 64,
      "likes": 473,
      "tags": [
        "platformer",
        "speedrun"
      ],
      "completion_rate": 0.703,
      "difficulty_score": 0.153,
      "popularity_score": 0.145,
      "engagement_score": 0.147
    },
    {
      "level_id": "606b4131-e8c9-4ed1-b656-ffcda9e47307",
      "title": "Level 78",
      "maker": "Player 8",
      "difficulty": "normal",
      "clear_rate": 82.92,
      "attempts": 537,
      "clears": 75,
      "likes": 170,
      "tags": [
        "puzzle",
        "technical"
      ],
      "completion_rate": 0.371,
      "difficulty_score": 0.872,
      "popularity_score": 0.759,
      "engagement_score": 0.024
    },
    {
      "level_id": "e65e51e1-8c62-44af-983f-8888839bd348",
      "title": "Level 79",
      "maker": "Player 9",
      "difficulty": "hard",
      "clear_rate": 98.6,
      "attempts": 336,
      "clears": 96,
      "likes": 118,
      "tags": [
        "platformer",
        "speedrun"
      ],
      "completion_rate": 0.387,
      "difficulty_score": 0.893,
      "popularity_score": 0.608,
      "engagement_score": 0.533
    },
    {
      "level_id": "4a36583b-1aa9-4e52-872c-fb63e2cab452",
      "title": "Level 80",
      "maker": "Player 10",
      "difficulty": "expert",
      "clear_rate": 80.3,
      "attempts": 750,
      "clears": 52,
      "likes": 405,
      "tags": [
        "puzzle",
        "technical"
      ],
      "completion_rate": 0.126,
      "difficulty_score": 0.662,
      "popularity_score": 0.978,
      "engagement_score": 0.088
    },
    {
      "level_id": "d5ca5d9b-333a-4a84-8e39-9d7265f2e5f9",
      "title": "Level 81",
      "maker": "Player 1",
      "difficulty": "easy",
      "clear_rate": 85.65,
      "attempts": 880,
      "clears": 54,
      "likes": 134,
      "tags": [
        "platformer",
        "speedrun"
      ],
      "completion_rate": 0.112,
      "difficulty_score": 0.274,
      "popularity_score": 0.452,
      "engagement_score": 0.43
    },
    {
      "level_id": "0bcc2824-7535-4203-b22d-b59b95b7d6ce",
      "title": "Level 82",
      "maker": "Player 2",
      "difficulty": "normal",
      "clear_rate": 91.17,
      "attempts": 457,
      "clears": 87,
      "likes": 125,
      "tags": [
        "puzzle",
        "technical"
      ],
      "completion_rate": 0.957,
      "difficulty_score": 0.439,
      "popularity_score": 0.817,
      "engagement_score": 0.91
    },
    {
      "level_id": "33396a91-d510-4b82-b74c-b5d38c819d33",
      "title": "Level 83",
      "maker": "Player 3",
      "difficulty": "hard",
      "clear_rate": 37.5,
      "attempts": 174,
      "clears": 61,
      "likes": 27,
      "tags": [
        "platformer",
        "speedrun"
      ],
      "completion_rate": 0.321,
      "difficulty_score": 0.08,
      "popularity_score": 0.81,
      "engagement_score": 0.166
    },
    {
      "level_id": "ec0f87ef-6375-4564-bce0-00a7ed70b7e6",
      "title": "Level 84",
      "maker": "Player 4",
      "difficulty": "expert",
      "clear_rate": 27.3,
      "attempts": 175,
      "clears": 80,
      "likes": 126,
      "tags": [
        "puzzle",
        "technical"
      ],
      "completion_rate": 0.528,
      "difficulty_score": 0.089,
      "popularity_score": 0.528,
      "engagement_score": 0.665
    },
    {
      "level_id": "8041449d-8ed3-4187-8f7c-ec39377ef487",
      "title": "Level 85",
      "maker": "Player 5",
      "difficulty": "easy",
      "clear_rate": 31.01,
      "attempts": 239,
      "clears": 9,
      "likes": 348,
      "tags": [
        "platformer",
        "speedrun"
      ],
      "completion_rate": 0.478,
      "difficulty_score": 0.517,
      "popularity_score": 0.749,
      "engagement_score": 0.147
    },
    {
      "level_id": "60c2a14f-226a-452f-8198-07d7920cf4af",
      "title": "Level 86",
      "maker": "Player 6",
      "difficulty": "normal",
      "clear_rate": 20.56,
      "attempts": 939,
      "clears": 3,
      "likes": 191,
      "tags": [
        "puzzle",
        "technical"
      ],
      "completion_rate": 0.222,
      "difficulty_score": 0.158,
      "popularity_score": 0.126,
      "engagement_score": 0.772
    },
    {
      "level_id": "2ba5def8-e489-44a9-861e-63fedfd2cd9a",
      "title": "Level 87",
      "maker": "Player 7",
      "difficulty": "hard",
      "clear_rate": 40.21,
      "attempts": 570,
      "clears": 24,
      "likes": 273,
      "tags": [
        "platformer",
        "speedrun"
      ],
      "completion_rate": 0.251,
      "difficulty_score": 0.954,
      "popularity_score": 0.561,
      "engagement_score": 0.833
    },
    {
      "level_id": "359c4931-f70b-4c5a-8541-c834a382543b",
      "title": "Level 88",
      "maker": "Player 8",
      "difficulty": "expert",
      "clear_rate": 78.53,
      "attempts": 155,
      "clears": 2,
      "likes": 57,
      "tags": [
        "puzzle",
        "technical"
      ],
      "completion_rate": 0.419,
      "difficulty_score": 0.723,
      "popularity_score": 0.601,
      "engagement_score": 0.335
    },
    {
      "level_id": "41575493-246d-4419-bad9-01a75620a5a3",
      "title": "Level 89",
      "maker": "Player 9",
      "difficulty": "easy",
      "clear_rate": 86.54,
      "attempts": 903,
      "clears": 40,
      "likes": 224,
      "tags": [
        "platformer",
        "speedrun"
      ],
      "completion_rate": 0.576,
      "difficulty_score": 0.6,
      "popularity_score": 0.131,
      "engagement_score": 0.144
    },
    {
      "level_id": "e2676a7e-ce15-4f7d-9e0b-cccfc1b04001",
      "title": "Level 90",
      "maker": "Player 10",
      "difficulty": "normal",
      "clear_rate": 87.93,
      "attempts": 947,
      "clears": 47,
      "likes": 306,
      "tags": [
        "puzzle",
        "technical"
      ],
      "completion_rate": 0.898,
      "difficulty_score": 0.138,
      "popularity_score": 0.688,
      "engagement_score": 0.311
    },
    {
      "level_id": "e6b5e66a-01d3-4dd2-8869-c74b5d9452cd",
      "title": "Level 91",
      "maker": "Player 1",
      "difficulty": "hard",
      "clear_rate": 69.28,
      "attempts": 876,
      "clears": 2,
      "likes": 283,
      "tags": [
        "platformer",
        "speedrun"
      ],
      "completion_rate": 0.282,
      "difficulty_score": 0.279,
      "popularity_score": 0.847,
      "engagement_score": 0.043
    },
    {
      "level_id": "81141dbf-cc98-47ff-af7a-aa660b9f61e5",
      "title": "Level 92",
      "maker": "Player 2",
      "difficulty": "expert",
      "clear_rate": 30.38,
      "attempts": 963,
      "clears": 53,
      "likes": 240,
      "tags": [
        "puzzle",
        "technical"
      ],
      "completion_rate": 0.095,
      "difficulty_score": 0.997,
      "popularity_score": 0.509,
      "engagement_score": 0.519
    },
    {
      "level_id": "6474fa90-a59e-434e-b24e-4caa732b0b00",
      "title": "Level 93",
      "maker": "Player 3",
      "difficulty": "easy",
      "clear_rate": 21.25,
      "attempts": 830,
      "clears": 70,
      "likes": 281,
      "tags": [
        "platformer",
        "speedrun"
      ],
      "completion_rate": 0.185,
      "difficulty_score": 0.648,
      "popularity_score": 0.046,
      "engagement_score": 0.461
    },
    {
      "level_id": "fef476df-cb6c-4819-a1ab-7aa125a45668",
      "title": "Level 94",
      "maker": "Player 4",
      "difficulty": "normal",
      "clear_rate": 11.52,
      "attempts": 274,
      "clears": 79,
      "likes": 450,
      "tags": [
        "puzzle",
        "technical"
      ],
      "completion_rate": 0.383,
      "difficulty_score": 0.661,
      "popularity_score": 0.239,
      "engagement_score": 0.491
    },
    {
      "level_id": "cb66f0fd-1193-42ca-90c8-5e40b5f2c6db",
      "title": "Level 95",
      "maker": "Player 5",
      "difficulty": "hard",
      "clear_rate": 10.74,
      "attempts": 936,
      "clears": 62,
      "likes": 211,
      "tags": [
        "platformer",
        "speedrun"
      ],
      "completion_rate": 0.337,
      "difficulty_score": 0.993,
      "popularity_score": 0.056,
      "engagement_score": 0.983
    },
    {
      "level_id": "46b87329-f8a6-4b03-ba40-544f66b60b0b",
      "title": "Level 96",
      "maker": "Player 6",
      "difficulty": "expert",
      "clear_rate": 31.95,
      "attempts": 225,
      "clears": 75,
      "likes": 498,
      "tags": [
        "puzzle",
        "technical"
      ],
      "completion_rate": 0.033,
      "difficulty_score": 0.814,
      "popularity_score": 0.779,
      "engagement_score": 0.293
    },
    {
      "level_id": "d8b62a0b-350c-4251-883d-398a840491ee",
      "title": "Level 97",
      "maker": "Player 7",
      "difficulty": "easy",
      "clear_rate": 5.54,
      "attempts": 44,
      "clears": 29,
      "likes": 127,
      "tags": [
        "platformer",
        "speedrun"
      ],
      "completion_rate": 0.278,
      "difficulty_score": 0.019,
      "popularity_score": 0.258,
      "engagement_score": 0.319
    },
    {
      "level_id": "2c38d8bc-f557-4749-8676-41e7b4e576fb",
      "title": "Level 98",
      "maker": "Player 8",
      "difficulty": "normal",
      "clear_rate": 51.49,
      "attempts": 789,
      "clears": 25,
      "likes": 54,
      "tags": [
        "puzzle",
        "technical"
      ],
      "completion_rate": 0.312,
      "difficulty_score": 0.816,
      "popularity_score": 0.131,
      "engagement_score": 0.959
    },
    {
      "level_id": "5156b93a-101c-4301-bf61-0d21f715f659",
      "title": "Level 99",
      "maker": "Player 9",
      "difficulty": "hard",
      "clear_rate": 96.06,
      "attempts": 392,
      "clears": 94,
      "likes": 298,
      "tags": [
        "platformer",
        "speedrun"
      ],
      "completion_rate": 0.582,
      "difficulty_score": 0.564,
      "popularity_score": 0.966,
      "engagement_score": 0.088
    },
    {
      "level_id": "9628056d-2977-4d33-829d-eb05ebacdf99",
      "title": "Level 100",
      "maker": "Player 10",
      "difficulty": "expert",
      "clear_rate": 0.98,
      "attempts": 446,
      "clears": 31,
      "likes": 76,
      "tags": [
        "puzzle",
        "technical"
      ],
      "completion_rate": 0.678,
      "difficulty_score": 0.475,
      "popularity_score": 0.162,
      "engagement_score": 0.81
    },
    {
      "level_id": "dcb5b396-fb2b-46c9-a7a9-2b7988c026f9",
      "title": "Level 101",
      "maker": "Player 1",
      "difficulty": "easy",
      "clear_rate": 90.01,
      "attempts": 638,
      "clears": 7,
      "likes": 243,
      "tags": [
        "platformer",
        "speedrun"
      ],
      "completion_rate": 0.477,
      "difficulty_score": 0.681,
      "popularity_score": 0.56,
      "engagement_score": 0.916
    },
    {
      "level_id": "a8abbdf3-ebd9-4fc6-99a7-272312416f51",
      "title": "Level 102",
      "maker": "Player 2",
      "difficulty": "normal",
      "clear_rate": 83.52,
      "attempts": 597,
      "clears": 59,
      "likes": 61,
      "tags": [
        "puzzle",
        "technical"
      ],
      "completion_rate": 0.054,
      "difficulty_score": 0.696,
      "popularity_score": 0.859,
      "engagement_score": 0.833
    },
    {
      "level_id": "9fe0b3d4-5be3-48a8-9d4a-ad79fc2fc7d2",
      "title": "Level 103",
      "maker": "Player 3",
      "difficulty": "hard",
      "clear_rate": 34.89,
      "attempts": 975,
      "clears": 81,
      "likes": 465,
      "tags": [
        "platformer",
        "speedrun"
      ],
      "completion_rate": 0.056,
      "difficulty_score": 0.506,
      "popularity_score": 0.088,
      "engagement_score": 0.167
    },
    {
      "level_id": "f75ef8cb-4f81-40fc-9118-b81f0a45c0f8",
      "title": "Level 104",
      "maker": "Player 4",
      "difficulty": "expert",
      "clear_rate": 75.26,
      "attempts": 656,
      "clears": 41,
      "likes": 370,
      "tags": [
        "puzzle",
        "technical"
      ],
      "completion_rate": 0.513,
      "difficulty_score": 0.127,
      "popularity_score": 0.479,
      "engagement_score": 0.905
    },
    {
      "level_id": "18b221a9-c41b-465f-b73e-46346eec9d66",
      "title": "Level 105",
      "maker": "Player 5",
      "difficulty": "easy",
      "clear_rate": 60.44,
      "attempts": 198,
      "clears": 80,
      "likes": 498,
      "tags": [
        "platformer",
        "speedrun"
      ],
      "completion_rate": 0.287,
      "difficulty_score": 0.288,
      "popularity_score": 0.63,
      "engagement_score": 0.573
    },
    {
      "level_id": "b930fb96-6b2c-4284-8226-8eb257c988de",
      "title": "Level 106",
      "maker": "Player 6",
      "difficulty": "normal",
      "clear_rate": 24.94,
      "attempts": 502,
      "clears": 86,
      "likes": 23,
      "tags": [
        "puzzle",
        "technical"
      ],
      "completion_rate": 0.568,
      "difficulty_score": 0.072,
      "popularity_score": 0.59,
      "engagement_score": 0.58
    },
    {
      "level_id": "e560db8a-038a-4b1f-8f8c-3810083d9eac",
      "title": "Level 107",
      "maker": "Player 7",
      "difficulty": "hard",
      "clear_rate": 97.11,
      "attempts": 709,
      "clears": 47,
      "likes": 278,
      "tags": [
        "platformer",
        "speedrun"
      ],
      "completion_rate": 0.968,
      "difficulty_score": 0.904,
      "popularity_score": 0.746,
      "engagement_score": 0.017
    },
    {
      "level_id": "d264430a-da82-45c0-9da4-0963ac954ea5",
      "title": "Level 108",
      "maker": "Player 8",
      "difficulty": "expert",
      "clear_rate": 25.52,
      "attempts": 286,
      "clears": 64,
      "likes": 90,
      "tags": [
        "puzzle",
        "technical"
      ],
      "completion_rate": 0.568,
      "difficulty_score": 0.9,
      "popularity_score": 0.544,
      "engagement_score": 0.701
    },
    {
      "level_id": "d30ca6c6-f75f-46f6-914a-549a9858a9fc",
      "title": "Level 109",
      "maker": "Player 9",
      "difficulty": "easy",
      "clear_rate": 5.49,
      "attempts": 440,
      "clears": 76,
      "likes": 125,
      "tags": [
        "platformer",
        "speedrun"
      ],
      "completion_rate": 0.778,
      "difficulty_score": 0.896,
      "popularity_score": 0.123,
      "engagement_score": 0.706
    },
    {
      "level_id": "7223464f-2a75-4daf-82ad-41016a8bef5b",
      "title": "Level 110",
      "maker": "Player 10",
      "difficulty": "normal",
      "clear_rate": 15.46,
      "attempts": 365,
      "clears": 14,
      "likes": 328,
      "tags": [
        "puzzle",
        "technical"
      ],
      "completion_rate": 0.657,
      "difficulty_score": 0.738,
      "popularity_score": 0.935,
      "engagement_score": 0.943
    },
    {
      "level_id": "84a5aeb4-11f2-4d06-8012-4c8d1c74ce61",
      "title": "Level 111",
      "maker": "Player 1",
      "difficulty": "hard",
      "clear_rate": 45.39,
      "attempts": 689,
      "clears": 72,
      "likes": 498,
      "tags": [
        "platformer",
        "speedrun"
      ],
      "completion_rate": 0.963,
      "difficulty_score": 0.343,
      "popularity_score": 0.951,
      "engagement_score": 0.453
    },
    {
      "level_id": "8f1f363f-9f1b-4293-b8f7-f4b838ca37e0",
      "title": "Level 112",
      "maker": "Player 2",
      "difficulty": "expert",
      "clear_rate": 64.18,
      "attempts": 829,
      "clears": 82,
      "likes": 108,
      "tags": [
        "puzzle",
        "technical"
      ],
      "completion_rate": 0.282,
      "difficulty_score": 0.597,
      "popularity_score": 0.667,
      "engagement_score": 0.643
    },
    {
      "level_id": "8ee80edc-88fc-4b99-b140-a95df4a55cfb",
      "title": "Level 113",
      "maker": "Player 3",
      "difficulty": "easy",
      "clear_rate": 63.89,
      "attempts": 942,
      "clears": 2,
      "likes": 175,
      "tags": [
        "platformer",
        "speedrun"
      ],
      "completion_rate": 0.115,
      "difficulty_score": 0.492,
      "popularity_score": 0.893,
      "engagement_score": 0.69
    },
    {
      "level_id": "460737eb-18a4-49de-9151-f0f1336fae46",
      "title": "Level 114",
      "maker": "Player 4",
      "difficulty": "normal",
      "clear_rate": 39.21,
      "attempts": 475,
      "clears": 73,
      "likes": 330,
      "tags": [
        "puzzle",
        "technical"
      ],
      "completion_rate": 0.7,
      "difficulty_score": 0.567,
      "popularity_score": 0.569,
      "engagement_score": 0.873
    },
    {
      "level_id": "f29ccbe9-ea7e-4f19-837a-8e90d4f33418",
      "title": "Level 115",
      "maker": "Player 5",
      "difficulty": "hard",
      "clear_rate": 48.14,
      "attempts": 332,
      "clears": 18,
      "likes": 298,
      "tags": [
        "platformer",
        "speedrun"
      ],
      "completion_rate": 0.467,
      "difficulty_score": 0.016,
      "popularity_score": 0.709,
      "engagement_score": 0.704
    },
    {
      "level_id": "d0d09fd8-7f72-4a55-b518-bcd9c8316b83",
      "title": "Level 116",
      "maker": "Player 6",
      "difficulty": "expert",
      "clear_rate": 90.7,
      "attempts": 115,
      "clears": 30,
      "likes": 54,
      "tags": [
        "puzzle",
        "technical"
      ],
      "completion_rate": 0.201,
      "difficulty_score": 0.908,
      "popularity_score": 0.399,
      "engagement_score": 0.894
    },
    {
      "level_id": "646ba26d-3ca4-42d8-a27f-03086aa75b91",
      "title": "Level 117",
      "maker": "Player 7",
      "difficulty": "easy",
      "clear_rate": 93.37,
      "attempts": 558,
      "clears": 30,
      "likes": 257,
      "tags": [
        "platformer",
        "speedrun"
      ],
      "completion_rate": 0.573,
      "difficulty_score": 0.792,
      "popularity_score": 0.98,
      "engagement_score": 0.567
    },
    {
      "level_id": "07d84085-635f-4191-8fd0-bf4bba9f6b03",
      "title": "Level 118",
      "maker": "Player 8",
      "difficulty": "normal",
      "clear_rate": 46.1,
      "attempts": 594,
      "clears": 5,
      "likes": 75,
      "tags": [
        "puzzle",
        "technical"
      ],
      "completion_rate": 0.039,
      "difficulty_score": 0.646,
      "popularity_score": 0.17,
      "engagement_score": 0.751
    },
    {
      "level_id": "4203fc03-d89a-4923-8925-2453c33c8c00",
      "title": "Level 119",
      "maker": "Player 9",
      "difficulty": "hard",
      "clear_rate": 19.62,
      "attempts": 910,
      "clears": 66,
      "likes": 299,
      "tags": [
        "platformer",
        "speedrun"
      ],
      "completion_rate": 0.673,
      "difficulty_score": 0.546,
      "popularity_score": 0.499,
      "engagement_score": 0.887
    },
    {
      "level_id": "296149c7-def5-4208-a3fc-92eeb0dab5f5",
      "title": "Level 120",
      "maker": "Player 10",
      "difficulty": "expert",
      "clear_rate": 67.37,
      "attempts": 897,
      "clears": 96,
      "likes": 193,
      "tags": [
        "puzzle",
        "technical"
      ],
      "completion_rate": 0.338,
      "difficulty_score": 0.696,
      "popularity_score": 0.68,
      "engagement_score": 0.722
    },
    {
      "level_id": "9b38879c-7880-4bd5-9410-228bf366a4dc",
      "title": "Level 121",
      "maker": "Player 1",
      "difficulty": "easy",
      "clear_rate": 73.25,
      "attempts": 967,
      "clears": 30,
      "likes": 122,
      "tags": [
        "platformer",
        "speedrun"
      ],
      "completion_rate": 0.928,
      "difficulty_score": 0.95,
      "popularity_score": 0.749,
      "engagement_score": 0.331
    },
    {
      "level_id": "9e7f8786-3347-4154-8c11-7680c6056c90",
      "title": "Level 122",
      "maker": "Player 2",
      "difficulty": "normal",
      "clear_rate": 32.95,
      "attempts": 845,
      "clears": 78,
      "likes": 101,
      "tags": [
        "puzzle",
        "technical"
      ],
      "completion_rate": 0.582,
      "difficulty_score": 0.496,
      "popularity_score": 0.768,
      "engagement_score": 0.835
    },
    {
      "level_id": "8bdadfef-7490-4d12-8c92-2917bb71f8cf",
      "title": "Level 123",
      "maker": "Player 3",
      "difficulty": "hard",
      "clear_rate": 27.83,
      "attempts": 870,
      "clears": 27,
      "likes": 32,
      "tags": [
        "platformer",
        "speedrun"
      ],
      "completion_rate": 0.329,
      "difficulty_score": 0.589,
      "popularity_score": 0.859,
      "engagement_score": 0.92
    },
    {
      "level_id": "9d2f0795-ecb5-47ea-a619-680a0bee0296",
      "title": "Level 124",
      "maker": "Player 4",
      "difficulty": "expert",
      "clear_rate": 3.76,
      "attempts": 668,
      "clears": 85,
      "likes": 231,
      "tags": [
        "puzzle",
        "technical"
      ],
      "completion_rate": 0.417,
      "difficulty_score": 0.545,
      "popularity_score": 0.716,
      "engagement_score": 0.2
    },
    {
      "level_id": "4f1c3892-a0ea-409c-966e-34bda095ae51",
      "title": "Level 125",
      "maker": "Player 5",
      "difficulty": "easy",
      "clear_rate": 67.82,
      "attempts": 357,
      "clears": 20,
      "likes": 332,
      "tags": [
        "platformer",
        "speedrun"
      ],
      "completion_rate": 0.649,
      "difficulty_score": 0.688,
      "popularity_score": 0.901,
      "engagement_score": 0.285
    },
    {
      "level_id": "51d2fdc5-5aeb-4974-b027-3594adb2d4bd",
      "title": "Level 126",
      "maker": "Player 6",
      "difficulty": "normal",
      "clear_rate": 44.03,
      "attempts": 457,
      "clears": 28,
      "likes": 306,
      "tags": [
        "puzzle",
        "technical"
      ],
      "completion_rate": 0.414,
      "difficulty_score": 0.201,
      "popularity_score": 0.982,
      "engagement_score": 0.804
    },
    {
      "level_id": "278291f1-35cc-4536-bdce-e7fc0256fcba",
      "title": "Level 127",
      "maker": "Player 7",
      "difficulty": "hard",
      "clear_rate": 62.79,
      "attempts": 592,
      "clears": 19,
      "likes": 158,
      "tags": [
        "platformer",
        "speedrun"
      ],
      "completion_rate": 0.835,
      "difficulty_score": 0.633,
      "popularity_score": 0.864,
      "engagement_score": 0.296
    },
    {
      "level_id": "f7bcd5e2-d317-4e76-a50e-0594eea6a31a",
      "title": "Level 128",
      "maker": "Player 8",
      "difficulty": "expert",
      "clear_rate": 89.34,
      "attempts": 882,
      "clears": 53,
      "likes": 461,
      "tags": [
        "puzzle",
        "technical"
      ],
      "completion_rate": 0.957,
      "difficulty_score": 0.154,
      "popularity_score": 0.135,
      "engagement_score": 0.897
    },
    {
      "level_id": "150979de-796b-4c41-bf62-7d495516066c",
      "title": "Level 129",
      "maker": "Player 9",
      "difficulty": "easy",
      "clear_rate": 39.47,
      "attempts": 602,
      "clears": 9,
      "likes": 201,
      "tags": [
        "platformer",
        "speedrun"
      ],
      "completion_rate": 0.207,
      "difficulty_score": 0.54,
      "popularity_score": 0.731,
      "engagement_score": 0.11
    },
    {
      "level_id": "4210b489-f61d-47e4-8d31-c5eb20b16194",
      "title": "Level 130",
      "maker": "Player 10",
      "difficulty": "normal",
      "clear_rate": 30.66,
      "attempts": 575,
      "clears": 98,
      "likes": 113,
      "tags": [
        "puzzle",
        "technical"
      ],
      "completion_rate": 0.87,
      "difficulty_score": 0.129,
      "popularity_score": 0.99,
      "engagement_score": 0.699
    },
    {
      "level_id": "50eaa39d-ce31-4b88-a692-a5e4d8acacae",
      "title": "Level 131",
      "maker": "Player 1",
      "difficulty": "hard",
      "clear_rate": 78.25,
      "attempts": 833,
      "clears": 9,
      "likes": 145,
      "tags": [
        "platformer",
        "speedrun"
      ],
      "completion_rate": 0.433,
      "difficulty_score": 0.981,
      "popularity_score": 0.516,
      "engagement_score": 0.953
    },
    {
      "level_id": "f041852f-4ab7-4c91-9081-9e29ba10d005",
      "title": "Level 132",
      "maker": "Player 2",
      "difficulty": "expert",
      "clear_rate": 5.1,
      "attempts": 582,
      "clears": 95,
      "likes": 200,
      "tags": [
        "puzzle",
        "technical"
      ],
      "completion_rate": 0.543,
      "difficulty_score": 0.962,
      "popularity_score": 0.665,
      "engagement_score": 0.803
    },
    {
      "level_id": "63b8ddd0-b6fa-4796-b7ff-aef2318d483d",
      "title": "Level 133",
      "maker": "Player 3",
      "difficulty": "easy",
      "clear_rate": 68.91,
      "attempts": 10,
      "clears": 11,
      "likes": 200,
      "tags": [
        "platformer",
        "speedrun"
      ],
      "completion_rate": 0.053,
      "difficulty_score": 0.615,
      "popularity_score": 0.801,
      "engagement_score": 0.99
    },
    {
      "level_id": "3ecfe104-9603-487d-8aa1-fd02065f9dc3",
      "title": "Level 134",
      "maker": "Player 4",
      "difficulty": "normal",
      "clear_rate": 36.48,
      "attempts": 444,
      "clears": 88,
      "likes": 88,
      "tags": [
        "puzzle",
        "technical"
      ],
      "completion_rate": 0.65,
      "difficulty_score": 0.787,
      "popularity_score": 0.286,
      "engagement_score": 0.662
    }
  ]
}