{
  "levels": [
    {
      "level_id": "385a4049-d1b1-4745-b2c6-b531fcca54f9",
      "title": "Level 1",
      "maker": "Player 1",
      "difficulty": "easy",
      "clear_rate": 69.43,
      "attempts": 633,
      "clears": 4,
      "likes": 46,
      "tags": [
        "platformer",
        "speedrun"
      ],
      "completion_rate": 0.199,
      "difficulty_score": 0.144,
      "popularity_score": 0.873,
      "engagement_score": 0.659
    },
    {
      "level_id": "c888ece3-8e94-47ce-b072-9aacdae5d3ba",
      "title": "Level 2",
      "maker": "Player 2",
      "difficulty": "normal",
      "clear_rate": 70.06,
      "attempts": 509,
      "clears": 36,
      "likes": 480,
      "tags": [
        "puzzle",
        "technical"
      ],
      "completion_rate": 0.957,
      "difficulty_score": 0.541,
      "popularity_score": 0.43,
      "engagement_score": 0.857
    },
    {
      "level_id": "e3780a99-c400-403a-b2d9-26ca038cb041",
      "title": "Level 3",
      "maker": "Player 3",
      "difficulty": "hard",
      "clear_rate": 52.39,
      "attempts": 537,
      "clears": 30,
      "likes": 306,
      "tags": [
        "platformer",
        "speedrun"
      ],
      "completion_rate": 0.953,
      "difficulty_score": 0.863,
      "popularity_score": 0.898,
      "engagement_score": 0.678
    },
    {
      "level_id": "d7f458d2-47cf-458b-bf10-096e16e6855e",
      "title": "Level 4",
      "maker": "Player 4",
      "difficulty": "expert",
      "clear_rate": 75.22,
      "attempts": 613,
      "clears": 34,
      "likes": 312,
      "tags": [
        "puzzle",
        "technical"
      ],
      "completion_rate": 0.939,
      "difficulty_score": 0.703,
      "popularity_score": 0.286,
      "engagement_score": 0.524
    },
    {
      "level_id": "bbb394ed-d91a-4c76-a229-8ca8baca5bca",
      "title": "Level 5",
      "maker": "Player 5",
      "difficulty": "easy",
      "clear_rate": 10.8,
      "attempts": 985,
      "clears": 73,
      "likes": 330,
      "tags": [
        "platformer",
        "speedrun"
      ],
      "completion_rate": 0.399,
      "difficulty_score": 0.745,
      "popularity_score": 0.35,
      "engagement_score": 0.522
    },
    {
      "level_id": "a2775c40-782b-4172-9b82-217c94e112a1",
      "title": "Level 6",
      "maker": "Player 6",
      "difficulty": "normal",
      "clear_rate": 93.39,
      "attempts": 557,
      "clears": 59,
      "likes": 16,
      "tags": [
        "puzzle",
        "technical"
      ],
      "completion_rate": 0.845,
      "difficulty_score": 0.606,
      "popularity_score": 0.886,
      "engagement_score": 0.547
    },
    {
      "level_id": "16bd036f-f4db-4607-b560-26ebb4204de5",
      "title": "Level 7",
      "maker": "Player 7",
      "difficulty": "hard",
      "clear_rate": 8.24,
      "attempts": 948,
      "clears": 63,
      "likes": 167,
      "tags": [
        "platformer",
        "speedrun"
      ],
      "completion_rate": 0.227,
      "difficulty_score": 0.656,
      "popularity_score": 0.657,
      "engagement_score": 0.296
    },
    {
      "level_id": "228b3744-c86b-4dea-9bf3-049ccd81b55e",
      "title": "Level 8",
      "maker": "Player 8",
      "difficulty": "expert",
      "clear_rate": 23.82,
      "attempts": 207,
      "clears": 6,
      "likes": 257,
      "tags": [
        "puzzle",
        "technical"
      ],
      "completion_rate": 0.621,
      "difficulty_score": 0.305,
      "popularity_score": 0.84,
      "engagement_score": 0.216
    },
    {
      "level_id": "3d4c2096-9c8d-4f62-ba09-f94122f2b931",
      "title": "Level 9",
      "maker": "Player 9",
      "difficulty": "easy",
      "clear_rate": 1.33,
      "attempts": 93,
      "clears": 43,
      "likes": 419,
      "tags": [
        "platformer",
        "speedrun"
      ],
      "completion_rate": 0.321,
      "difficulty_score": 0.808,
      "popularity_score": 0.549,
      "engagement_score": 0.742
    },
    {
      "level_id": "4bc6e2d9-74f0-4659-a3a3-785613921278",
      "title": "Level 10",
      "maker": "Player 10",
      "difficulty": "normal",
      "clear_rate": 58.29,
      "attempts": 951,
      "clears": 57,
      "likes": 308,
      "tags": [
        "puzzle",
        "technical"
      ],
      "completion_rate": 0.303,
      "difficulty_score": 0.027,
      "popularity_score": 0.062,
      "engagement_score": 0.685
    },
    {
      "level_id": "cbe2b227-3ccb-473f-99ae-e4fad9bd9109",
      "title": "Level 11",
      "maker": "Player 1",
      "difficulty": "hard",
      "clear_rate": 70.68,
      "attempts": 463,
      "clears": 44,
      "likes": 69,
      "tags": [
        "platformer",
        "speedrun"
      ],
      "completion_rate": 0.078,
      "difficulty_score": 0.262,
      "popularity_score": 0.819,
      "engagement_score": 0.915
    },
    {
      "level_id": "657b5809-043f-4a05-82ae-a006d99651a8",
      "title": "Level 12",
      "maker": "Player 2",
      "difficulty": "expert",
      "clear_rate": 43.95,
      "attempts": 536,
      "clears": 97,
      "likes": 390,
      "tags": [
        "puzzle",
        "technical"
      ],
      "completion_rate": 0.596,
      "difficulty_score": 0.993,
      "popularity_score": 0.856,
      "engagement_score": 0.221
    },
    {
      "level_id": "525e1919-d2b5-483a-a335-b1ed9c6edb94",
      "title": "Level 13",
      "maker": "Player 3",
      "difficulty": "easy",
      "clear_rate": 43.74,
      "attempts": 141,
      "clears": 99,
      "likes": 67,
      "tags": [
        "platformer",
        "speedrun"
      ],
      "completion_rate": 0.491,
      "difficulty_score": 0.275,
      "popularity_score": 0.159,
      "engagement_score": 0.249
    },
    {
      "level_id": "641b066f-bfd5-48fd-b724-7a4b50e673a2",
      "title": "Level 14",
      "maker": "Player 4",
      "difficulty": "normal",
      "clear_rate": 75.06,
      "attempts": 590,
      "clears": 51,
      "likes": 32,
      "tags": [
        "puzzle",
        "technical"
      ],
      "completion_rate": 0.651,
      "difficulty_score": 0.268,
      "popularity_score": 0.694,
      "engagement_score": 0.737
    },
    {
      "level_id": "839165a7-9278-446b-8db4-24f52096d1bc",
      "title": "Level 15",
      "maker": "Player 5",
      "difficulty": "hard",
      "clear_rate": 50.08,
      "attempts": 823,
      "clears": 62,
      "likes": 412,
      "tags": [
        "platformer",
        "speedrun"
      ],
      "completion_rate": 0.961,
      "difficulty_score": 0.369,
      "popularity_score": 0.246,
      "engagement_score": 0.543
    },
    {
      "level_id": "017df5f3-5084-44f5-88ce-8efe69197a25",
      "title": "Level 16",
      "maker": "Player 6",
      "difficulty": "expert",
      "clear_rate": 20.22,
      "attempts": 726,
      "clears": 60,
      "likes": 208,
      "tags": [
        "puzzle",
        "technical"
      ],
      "completion_rate": 0.2,
      "difficulty_score": 0.809,
      "popularity_score": 0.795,
      "engagement_score": 0.433
    },
    {
      "level_id": "c2772643-cf75-466e-be25-e79d6d3b862c",
      "title": "Level 17",
      "maker": "Player 7",
      "difficulty": "easy",
      "clear_rate": 58.49,
      "attempts": 469,
      "clears": 32,
      "likes": 161,
      "tags": [
        "platformer",
        "speedrun"
      ],
      "completion_rate": 0.303,
      "difficulty_score": 0.01,
      "popularity_score": 0.246,
      "engagement_score": 0.069
    },
    {
      "level_id": "adb6f3fc-e79c-405f-ad3b-27a08d4e1344",
      "title": "Level 18",
      "maker": "Player 8",
      "difficulty": "normal",
      "clear_rate": 28.05,
      "attempts": 772,
      "clears": 62,
      "likes": 255,
      "tags": [
        "puzzle",
        "technical"
      ],
      "completion_rate": 0.929,
      "difficulty_score": 0.52,
      "popularity_score": 0.227,
      "engagement_score": 0.395
    },
    {
      "level_id": "c0690b78-7e56-456d-9a76-a27cfda467e6",
      "title": "Level 19",
      "maker": "Player 9",
      "difficulty": "hard",
      "clear_rate": 34.37,
      "attempts": 619,
      "clears": 72,
      "likes": 240,
      "tags": [
        "platformer",
        "speedrun"
      ],
      "completion_rate": 0.12,
      "difficulty_score": 0.189,
      "popularity_score": 0.782,
      "engagement_score": 0.574
    },
    {
      "level_id": "6a6b6115-7eef-4781-a6fb-07a0c63ca9d0",
      "title": "Level 20",
      "maker": "Player 10",
      "difficulty": "expert",
      "clear_rate": 55.58,
      "attempts": 548,
      "clears": 80,
      "likes": 11,
      "tags": [
        "puzzle",
        "technical"
      ],
      "completion_rate": 0.599,
      "difficulty_score": 0.987,
      "popularity_score": 0.942,
      "engagement_score": 0.17
    },
    {
      "level_id": "71749e5e-8e48-4377-b468-13308d47747b",
      "title": "Level 21",
      "maker": "Player 1",
      "difficulty": "easy",
      "clear_rate": 52.57,
      "attempts": 755,
      "clears": 44,
      "likes": 10,
      "tags": [
        "platformer",
        "speedrun"
      ],
      "completion_rate": 0.495,
      "difficulty_score": 0.568,
      "popularity_score": 0.437,
      "engagement_score": 0.558
    },
    {
      "level_id": "1e0fedd6-9254-4c82-960b-39759fa5d261",
      "title": "Level 22",
      "maker": "Player 2",
      "difficulty": "normal",
      "clear_rate": 26.32,
      "attempts": 889,
      "clears": 92,
      "likes": 403,
      "tags": [
        "puzzle",
        "technical"
      ],
      "completion_rate": 0.765,
      "difficulty_score": 0.461,
      "popularity_score": 0.898,
      "engagement_score": 0.776
    },
    {
      "level_id": "2396733c-cc63-46d6-b9a0-cde8fae06f96",
      "title": "Level 23",
      "maker": "Player 3",
      "difficulty": "hard",
      "clear_rate": 78.73,
      "attempts": 681,
      "clears": 2,
      "likes": 99,
      "tags": [
        "platformer",
        "speedrun"
      ],
      "completion_rate": 0.41,
      "difficulty_score": 0.961,
      "popularity_score": 0.316,
      "engagement_score": 0.005
    },
    {
      "level_id": "5a7167e3-a5d0-4696-b522-e116eaadd87d",
      "title": "Level 24",
      "maker": "Player 4",
      "difficulty": "expert",
      "clear_rate": 24.14,
      "attempts": 624,
      "clears": 14,
      "likes": 252,
      "tags": [
        "puzzle",
        "technical"
      ],
      "completion_rate": 0.761,
      "difficulty_score": 0.635,
      "popularity_score": 0.346,
      "engagement_score": 0.952
    },
    {
      "level_id": "c763c4ae-e831-4385-a3c5-bdcb93ee088e",
      "title": "Level 25",
      "maker": "Player 5",
      "difficulty": "easy",
      "clear_rate": 68.33,
      "attempts": 762,
      "clears": 16,
      "likes": 430,
      "tags": [
        "platformer",
        "speedrun"
      ],
      "completion_rate": 0.027,
      "difficulty_score": 0.775,
      "popularity_score": 0.305,
      "engagement_score": 0.489
    },
    {
      "level_id": "992bc2f7-687b-464f-9b18-e0357ff83c9c",
      "title": "Level 26",
      "maker": "Player 6",
      "difficulty": "normal",
      "clear_rate": 93.97,
      "attempts": 991,
      "clears": 99,
      "likes": 387,
      "tags": [
        "puzzle",
        "technical"
      ],
      "completion_rate": 0.475,
      "difficulty_score": 0.762,
      "popularity_score": 0.24,
      "engagement_score": 0.822
    },
    {
      "level_id": "84958f7b-1f08-4c4d-90bc-d7ac848b6fac",
      "title": "Level 27",
      "maker": "Player 7",
      "difficulty": "hard",
      "clear_rate": 2.66,
      "attempts": 770,
      "clears": 3,
      "likes": 141,
      "tags": [
        "platformer",
        "speedrun"
      ],
      "completion_rate": 0.886,
      "difficulty_score": 0.278,
      "popularity_score": 0.545,
      "engagement_score": 0.917
    },
    {
      "level_id": "78f6250d-91cf-4016-860a-ba4a1d98f3fb",
      "title": "Level 28",
      "maker": "Player 8",
      "difficulty": "expert",
      "clear_rate": 32.73,
      "attempts": 258,
      "clears": 91,
      "likes": 50,
      "tags": [
        "puzzle",
        "technical"
      ],
      "completion_rate": 0.943,
      "difficulty_score": 0.617,
      "popularity_score": 0.738,
      "engagement_score": 0.886
    },
    {
      "level_id": "5de07da9-b4fd-4985-ba7b-d3e4cfac4b5b",
      "title": "Level 29",
      "maker": "Player 9",
      "difficulty": "easy",
      "clear_rate": 47.18,
      "attempts": 919,
      "clears": 37,
      "likes": 148,
      "tags": [
        "platformer",
        "speedrun"
      ],
      "completion_rate": 0.581,
      "difficulty_score": 0.449,
      "popularity_score": 0.556,
      "engagement_score": 0.111
    },
    {
      "level_id": "5c402843-1890-4c70-ba4f-4ac8cd2c4ffe",
      "title": "Level 30",
      "maker": "Player 10",
      "difficulty": "normal",
      "clear_rate": 17.75,
      "attempts": 550,
      "clears": 13,
      "likes": 321,
      "tags": [
        "puzzle",
        "technical"
      ],
      "completion_rate": 0.094,
      "difficulty_score": 0.489,
      "popularity_score": 0.907,
      "engagement_score": 0.689
    },
    {
      "level_id": "b0781fd1-5e98-4ecc-aa1c-d444db1e2452",
      "title": "Level 31",
      "maker": "Player 1",
      "difficulty": "hard",
      "clear_rate": 54.91,
      "attempts": 980,
      "clears": 12,
      "likes": 443,
      "tags": [
        "platformer",
        "speedrun"
      ],
      "completion_rate": 0.317,
      "difficulty_score": 0.939,
      "popularity_score": 0.019,
      "engagement_score": 0.618
    },
    {
      "level_id": "7a5c6993-7db5-4d7e-9ca0-64905c7ef1cf",
      "title": "Level 32",
      "maker": "Player 2",
      "difficulty": "expert",
      "clear_rate": 55.77,
      "attempts": 777,
      "clears": 28,
      "likes": 175,
      "tags": [
        "puzzle",
        "technical"
      ],
      "completion_rate": 0.717,
      "difficulty_score": 0.776,
      "popularity_score": 0.085,
      "engagement_score": 0.049
    },
    {
      "level_id": "63b5a446-a0bb-445e-b2fe-11d337cd884b",
      "title": "Level 33",
      "maker": "Player 3",
      "difficulty": "easy",
      "clear_rate": 39.48,
      "attempts": 17,
      "clears": 26,
      "likes": 78,
      "tags": [
        "platformer",
        "speedrun"
      ],
      "completion_rate": 0.601,
      "difficulty_score": 0.749,
      "popularity_score": 0.285,
      "engagement_score": 0.607
    },
    {
      "level_id": "db2e479c-e343-445e-b37a-3b94e226adfc",
      "title": "Level 34",
      "maker": "Player 4",
      "difficulty": "normal",
      "clear_rate": 70.41,
      "attempts": 197,
      "clears": 22,
      "likes": 368,
      "tags": [
        "puzzle",
        "technical"
      ],
      "completion_rate": 0.466,
      "difficulty_score": 0.362,
      "popularity_score": 0.216,
      "engagement_score": 0.226
    },
    {
      "level_id": "d4ed39be-47e1-45f3-a418-2a23c8cdf789",
      "title": "Level 35",
      "maker": "Player 5",
      "difficulty": "hard",
      "clear_rate": 52.53,
      "attempts": 907,
      "clears": 87,
      "likes": 240,
      "tags": [
        "platformer",
        "speedrun"
      ],
      "completion_rate": 0.444,
      "difficulty_score": 0.046,
      "popularity_score": 0.334,
      "engagement_score": 0.765
    },
    {
      "level_id": "6b723f73-cb3d-4d6a-aa01-4d49f361fbbe",
      "title": "Level 36",
      "maker": "Player 6",
      "difficulty": "expert",
      "clear_rate": 76.97,
      "attempts": 36,
      "clears": 4,
      "likes": 66,
      "tags": [
        "puzzle",
        "technical"
      ],
      "completion_rate": 0.582,
      "difficulty_score": 0.671,
      "popularity_score": 0.223,
      "engagement_score": 0.705
    },
    {
      "level_id": "b99e107f-1d57-4520-bab4-6a2e21f63ac1",
      "title": "Level 37",
      "maker": "Player 7",
      "difficulty": "easy",
      "clear_rate": 85.41,
      "attempts": 473,
      "clears": 60,
      "likes": 62,
      "tags": [
        "platformer",
        "speedrun"
      ],
      "completion_rate": 0.043,
      "difficulty_score": 0.858,
      "popularity_score": 0.792,
      "engagement_score": 0.695
    },
    {
      "level_id": "42bd8873-e402-461e-a4cb-be33ed873831",
      "title": "Level 38",
      "maker": "Player 8",
      "difficulty": "normal",
      "clear_rate": 97.29,
      "attempts": 915,
      "clears": 14,
      "likes": 394,
      "tags": [
        "puzzle",
        "technical"
      ],
      "completion_rate": 0.407,
      "difficulty_score": 0.207,
      "popularity_score": 0.583,
      "engagement_score": 0.364
    },
    {
      "level_id": "9bc945d7-accb-423d-9052-2d6a63d97aad",
      "title": "Level 39",
      "maker": "Player 9",
      "difficulty": "hard",
      "clear_rate": 98.29,
      "attempts": 400,
      "clears": 16,
      "likes": 147,
      "tags": [
        "platformer",
        "speedrun"
      ],
      "completion_rate": 0.14,
      "difficulty_score": 0.487,
      "popularity_score": 0.039,
      "engagement_score": 0.817
    },
    {
      "level_id": "98aa2e85-ac32-4473-bff6-3aadbb6814e2",
      "title": "Level 40",
      "maker": "Player 10",
      "difficulty": "expert",
      "clear_rate": 93.52,
      "attempts": 890,
      "clears": 6,
      "likes": 335,
      "tags": [
        "puzzle",
        "technical"
      ],
      "completion_rate": 0.655,
      "difficulty_score": 0.144,
      "popularity_score": 0.195,
      "engagement_score": 0.585
    },
    {
      "level_id": "c83849e6-8b7a-46f5-8fbc-60d79075f92a",
      "title": "Level 41",
      "maker": "Player 1",
      "difficulty": "easy",
      "clear_rate": 70.1,
      "attempts": 501,
      "clears": 13,
      "likes": 437,
      "tags": [
        "platformer",
        "speedrun"
      ],
      "completion_rate": 0.596,
      "difficulty_score": 0.016,
      "popularity_score": 0.068,
      "engagement_score": 0.54
    },
    {
      "level_id": "855a7c3e-c181-48e9-bb5f-b926972a3dbf",
      "title": "Level 42",
      "maker": "Player 2",
      "difficulty": "normal",
      "clear_rate": 77.37,
      "attempts": 219,
      "clears": 7,
      "likes": 303,
      "tags": [
        "puzzle",
        "technical"
      ],
      "completion_rate": 0.83,
      "difficulty_score": 0.43,
      "popularity_score": 0.769,
      "engagement_score": 0.329
    },
    {
      "level_id": "f581bdd6-63e5-46c1-acd3-557dfe1006d2",
      "title": "Level 43",
      "maker": "Player 3",
      "difficulty": "hard",
      "clear_rate": 69.51,
      "attempts": 185,
      "clears": 14,
      "likes": 376,
      "tags": [
        "platformer",
        "speedrun"
      ],
      "completion_rate": 0.198,
      "difficulty_score": 0.177,
      "popularity_score": 0.704,
      "engagement_score": 0.972
    },
    {
      "level_id": "d26c08c8-1042-4354-a439-8aa8d3fac409",
      "title": "Level 44",
      "maker": "Player 4",
      "difficulty": "expert",
      "clear_rate": 58.21,
      "attempts": 72,
      "clears": 90,
      "likes": 170,
      "tags": [
        "puzzle",
        "technical"
      ],
      "completion_rate": 0.248,
      "difficulty_score": 0.947,
      "popularity_score": 0.17,
      "engagement_score": 0.976
    },
    {
      "level_id": "0915978a-6e98-4f2d-b84c-a754075e858e",
      "title": "Level 45",
      "maker": "Player 5",
      "difficulty": "easy",
      "clear_rate": 13.02,
      "attempts": 451,
      "clears": 81,
      "likes": 141,
      "tags": [
        "platformer",
        "speedrun"
      ],
      "completion_rate": 0.889,
      "difficulty_score": 0.594,
      "popularity_score": 0.931,
      "engagement_score": 0.285
    },
    {
      "level_id": "9ea1fbac-d251-42af-89a1-4c39770b4e5f",
      "title": "Level 46",
      "maker": "Player 6",
      "difficulty": "normal",
      "clear_rate": 74.87,
      "attempts": 921,
      "clears": 17,
      "likes": 9,
      "tags": [
        "puzzle",
        "technical"
      ],
      "completion_rate": 0.925,
      "difficulty_score": 0.877,
      "popularity_score": 0.45,
      "engagement_score": 0.519
    },
    {
      "level_id": "80896615-2bfb-4f16-a54a-a27ad1622686",
      "title": "Level 47",
      "maker": "Player 7",
      "difficulty": "hard",
      "clear_rate": 55.41,
      "attempts": 822,
      "clears": 1,
      "likes": 200,
      "tags": [
        "platformer",
        "speedrun"
      ],
      "completion_rate": 0.015,
      "difficulty_score": 0.633,
      "popularity_score": 0.797,
      "engagement_score": 0.36
    },
    {
      "level_id": "b0c678db-6128-498c-bc6e-da34445e48c5",
      "title": "Level 48",
      "maker": "Player 8",
      "difficulty": "expert",
      "clear_rate": 14.82,
      "attempts": 149,
      "clears": 53,
      "likes": 266,
      "tags": [
        "puzzle",
        "technical"
      ],
      "completion_rate": 0.694,
      "difficulty_score": 0.241,
      "popularity_score": 0.216,
      "engagement_score": 0.131
    },
    {
      "level_id": "c8454259-a031-469a-8c4d-94ac34b892ae",
      "title": "Level 49",
      "maker": "Player 9",
      "difficulty": "easy",
      "clear_rate": 59.52,
      "attempts": 687,
      "clears": 60,
      "likes": 419,
      "tags": [
        "platformer",
        "speedrun"
      ],
      "completion_rate": 0.48,
      "difficulty_score": 0.322,
      "popularity_score": 0.11,
      "engagement_score": 0.596
    },
    {
      "level_id": "9801a424-b994-476f-a44d-2ee169b4cfc6",
      "title": "Level 50",
      "maker": "Player 10",
      "difficulty": "normal",
      "clear_rate": 81.89,
      "attempts": 86,
      "clears": 11,
      "likes": 83,
      "tags": [
        "puzzle",
        "technical"
      ],
      "completion_rate": 0.017,
      "difficulty_score": 0.62,
      "popularity_score": 0.09,
      "engagement_score": 0.639
    },
    {
      "level_id": "34292b72-8864-4aed-be29-f223a3f12c2e",
      "title": "Level 51",
      "maker": "Player 1",
      "difficulty": "hard",
      "clear_rate": 8.06,
      "attempts": 265,
      "clears": 14,
      "likes": 151,
      "tags": [
        "platformer",
        "speedrun"
      ],
      "completion_rate": 0.489,
      "difficulty_score": 0.913,
      "popularity_score": 0.508,
      "engagement_score": 0.562
    },
    {
      "level_id": "08ad5e3f-48ec-4e95-b54c-1ecc7f36bd98",
      "title": "Level 52",
      "maker": "Player 2",
      "difficulty": "expert",
      "clear_rate": 59.87,
      "attempts": 664,
      "clears": 45,
      "likes": 467,
      "tags": [
        "puzzle",
        "technical"
      ],
      "completion_rate": 0.302,
      "difficulty_score": 0.64,
      "popularity_score": 0.233,
      "engagement_score": 0.703
    },
    {
      "level_id": "d384df16-8eeb-4627-a5ef-d59e25c1af40",
      "title": "Level 53",
      "maker": "Player 3",
      "difficulty": "easy",
      "clear_rate": 49.93,
      "attempts": 146,
      "clears": 66,
      "likes": 219,
      "tags": [
        "platformer",
        "speedrun"
      ],
      "completion_rate": 0.875,
      "difficulty_score": 0.785,
      "popularity_score": 0.802,
      "engagement_score": 0.523
    },
    {
      "level_id": "4629d149-10b3-4df8-9576-e6d954d81a12",
      "title": "Level 54",
      "maker": "Player 4",
      "difficulty": "normal",
      "clear_rate": 93.75,
      "attempts": 200,
      "clears": 90,
      "likes": 74,
      "tags": [
        "puzzle",
        "technical"
      ],
      "completion_rate": 0.754,
      "difficulty_score": 0.788,
      "popularity_score": 0.54,
      "engagement_score": 0.655
    },
    {
      "level_id": "a3c828cc-9544-4d4e-8653-b43eed068c33",
      "title": "Level 55",
      "maker": "Player 5",
      "difficulty": "hard",
      "clear_rate": 46.87,
      "attempts": 704,
      "clears": 76,
      "likes": 268,
      "tags": [
        "platformer",
        "speedrun"
      ],
      "completion_rate": 0.019,
      "difficulty_score": 0.346,
      "popularity_score": 0.835,
      "engagement_score": 0.871
    },
    {
      "level_id": "8f0dc1ca-e517-4748-a9f3-fb6cc366b67d",
      "title": "Level 56",
      "maker": "Player 6",
      "difficulty": "expert",
      "clear_rate": 63.83,
      "attempts": 910,
      "clears": 52,
      "likes": 36,
      "tags": [
        "puzzle",
        "technical"
      ],
      "completion_rate": 0.016,
      "difficulty_score": 0.878,
      "popularity_score": 0.79,
      "engagement_score": 0.12
    },
    {
      "level_id": "766aded9-8430-449a-b53c-bba0e8e11887",
      "title": "Level 57",
      "maker": "Player 7",
      "difficulty": "easy",
      "clear_rate": 53.78,
      "attempts": 148,
      "clears": 44,
      "likes": 466,
      "tags": [
        "platformer",
        "speedrun"
      ],
      "completion_rate": 0.305,
      "difficulty_score": 0.5,
      "popularity_score": 0.438,
      "engagement_score": 0.721
    },
    {
      "level_id": "7c80f7d5-9785-4c22-9f41-af5b5347989d",
      "title": "Level 58",
      "maker": "Player 8",
      "difficulty": "normal",
      "clear_rate": 31.31,
      "attempts": 609,
      "clears": 74,
      "likes": 42,
      "tags": [
        "puzzle",
        "technical"
      ],
      "completion_rate": 0.895,
      "difficulty_score": 0.002,
      "popularity_score": 0.306,
      "engagement_score": 0.052
    },
    {
      "level_id": "89bacf05-598a-4c8b-a645-4294a1c4ab36",
      "title": "Level 59",
      "maker": "Player 9",
      "difficulty": "hard",
      "clear_rate": 21.26,
      "attempts": 759,
      "clears": 61,
      "likes": 395,
      "tags": [
        "platformer",
        "speedrun"
      ],
      "completion_rate": 0.428,
      "difficulty_score": 0.178,
      "popularity_score": 0.642,
      "engagement_score": 0.026
    },
    {
      "level_id": "3a486e35-d7d1-4b3a-987c-216415e5344b",
      "title": "Level 60",
      "maker": "Player 10",
      "difficulty": "expert",
      "clear_rate": 44.5,
      "attempts": 556,
      "clears": 85,
      "likes": 36,
      "tags": [
        "puzzle",
        "technical"
      ],
      "completion_rate": 0.711,
      "difficulty_score": 0.307,
      "popularity_score": 0.991,
      "engagement_score": 0.863
    },
    {
      "level_id": "acaf897c-faeb-47ec-852b-f417fecf87fa",
      "title": "Level 61",
      "maker": "Player 1",
      "difficulty": "easy",
      "clear_rate": 21.72,
      "attempts": 595,
      "clears": 34,
      "likes": 119,
      "tags": [
        "platformer",
        "speedrun"
      ],
      "completion_rate": 0.83,
      "difficulty_score": 0.638,
      "popularity_score": 0.94,
      "engagement_score": 0.298
    },
    {
      "level_id": "76a77bbd-f9b0-4f8e-aa60-248d30f0b78f",
      "title": "Level 62",
      "maker": "Player 2",
      "difficulty": "normal",
      "clear_rate": 33.35,
      "attempts": 933,
      "clears": 37,
      "likes": 427,
      "tags": [
        "puzzle",
        "technical"
      ],
      "completion_rate": 0.973,
      "difficulty_score": 0.926,
      "popularity_score": 0.348,
      "engagement_score": 0.873
    },
    {
      "level_id": "04dfccaf-6f0c-4dec-8a77-e0c9d20d7848",
      "title": "Level 63",
      "maker": "Player 3",
      "difficulty": "hard",
      "clear_rate": 42.96,
      "attempts": 921,
      "clears": 30,
      "likes": 472,
      "tags": [
        "platformer",
        "speedrun"
      ],
      "completion_rate": 0.697,
      "difficulty_score": 0.159,
      "popularity_score": 0.799,
      "engagement_score": 0.687
    },
    {
      "level_id": "9205d1b1-02a0-48c8-98c7-0c899d2adec8",
      "title": "Level 64",
      "maker": "Player 4",
      "difficulty": "expert",
      "clear_rate": 27.28,
      "attempts": 327,
      "clears": 17,
      "likes": 477,
      "tags": [
        "puzzle",
        "technical"
      ],
      "completion_rate": 0.028,
      "difficulty_score": 0.611,
      "popularity_score": 0.832,
      "engagement_score": 0.035
    },
    {
      "level_id": "8fd2866f-db1a-4183-8349-e54a83fbe073",
      "title": "Level 65",
      "maker": "Player 5",
      "difficulty": "easy",
      "clear_rate": 2.39,
      "attempts": 548,
      "clears": 20,
      "likes": 188,
      "tags": [
        "platformer",
        "speedrun"
      ],
      "completion_rate": 0.807,
      "difficulty_score": 0.208,
      "popularity_score": 0.691,
      "engagement_score": 0.89
    },
    {
      "level_id": "1d091d7c-7dff-42b1-b898-1502026e50eb",
      "title": "Level 66",
      "maker": "Player 6",
      "difficulty": "normal",
      "clear_rate": 94.35,
      "attempts": 531,
      "clears": 23,
      "likes": 490,
      "tags": [
        "puzzle",
        "technical"
      ],
      "completion_rate": 0.034,
      "difficulty_score": 0.629,
      "popularity_score": 0.979,
      "engagement_score": 0.002
    },
    {
      "level_id": "908e6e65-a82a-41de-9b5b-08cf13ac6690",
      "title": "Level 67",
      "maker": "Player 7",
      "difficulty": "hard",
      "clear_rate": 91.28,
      "attempts": 423,
      "clears": 43,
      "likes": 420,
      "tags": [
        "platformer",
        "speedrun"
      ],
      "completion_rate": 0.329,
      "difficulty_score": 0.82,
      "popularity_score": 0.426,
      "engagement_score": 0.282
    },
    {
      "level_id": "a12ede3e-de12-43e3-8946-f1bdc1090cdd",
      "title": "Level 68",
      "maker": "Player 8",
      "difficulty": "expert",
      "clear_rate": 21.08,
      "attempts": 307,
      "clears": 18,
      "likes": 219,
      "tags": [
        "puzzle",
        "technical"
      ],
      "completion_rate": 0.289,
      "difficulty_score": 0.141,
      "popularity_score": 0.314,
      "engagement_score": 0.458
    },
    {
      "level_id": "539aea1e-beee-43b4-9d68-8c56bc904f39",
      "title": "Level 69",
      "maker": "Player 9",
      "difficulty": "easy",
      "clear_rate": 68.0,
      "attempts": 584,
      "clears": 57,
      "likes": 437,
      "tags": [
        "platformer",
        "speedrun"
      ],
      "completion_rate": 0.659,
      "difficulty_score": 0.852,
      "popularity_score": 0.451,
      "engagement_score": 0.462
    },
    {
      "level_id": "550f5c91-9155-433c-a32b-2f33bea772c7",
      "title": "Level 70",
      "maker": "Player 10",
      "difficulty": "normal",
      "clear_rate": 89.95,
      "attempts": 943,
      "clears": 10,
      "likes": 163,
      "tags": [
        "puzzle",
        "technical"
      ],
      "completion_rate": 0.505,
      "difficulty_score": 0.014,
      "popularity_score": 0.092,
      "engagement_score": 0.26
    },
    {
      "level_id": "0f7e4bde-0877-4e7e-b0da-d8377fe111f5",
      "title": "Level 71",
      "maker": "Player 1",
      "difficulty": "hard",
      "clear_rate": 56.89,
      "attempts": 706,
      "clears": 22,
      "likes": 406,
      "tags": [
        "platformer",
        "speedrun"
      ],
      "completion_rate": 0.989,
      "difficulty_score": 0.043,
      "popularity_score": 0.905,
      "engagement_score": 0.32
    },
    {
      "level_id": "ccf8e5a0-bc78-4297-aae4-be2ed77bce90",
      "title": "Level 72",
      "maker": "Player 2",
      "difficulty": "expert",
      "clear_rate": 63.05,
      "attempts": 375,
      "clears": 52,
      "likes": 145,
      "tags": [
        "puzzle",
        "technical"
      ],
      "completion_rate": 0.735,
      "difficulty_score": 0.987,
      "popularity_score": 0.48,
      "engagement_score": 0.358
    },
    {
      "level_id": "984ed059-7901-4ec2-abd7-9b29f5aa1043",
      "title": "Level 73",
      "maker": "Player 3",
      "difficulty": "easy",
      "clear_rate": 87.67,
      "attempts": 212,
      "clears": 29,
      "likes": 7,
      "tags": [
        "platformer",
        "speedrun"
      ],
      "completion_rate": 0.35,
      "difficulty_score": 0.578,
      "popularity_score": 0.536,
      "engagement_score": 0.53
    },
    {
      "level_id": "398aaced-edee-43f6-bd0d-18f9a9ee40bf",
      "title": "Level 74",
      "maker": "Player 4",
      "difficulty": "normal",
      "clear_rate": 68.37,
      "attempts": 875,
      "clears": 26,
      "likes": 291,
      "tags": [
        "puzzle",
        "technical"
      ],
      "completion_rate": 0.737,
      "difficulty_score": 0.332,
      "popularity_score": 0.711,
      "engagement_score": 0.138
    },
    {
      "level_id": "0003ae68-ea38-4e7b-93dd-202347350e84",
      "title": "Level 75",
      "maker": "Player 5",
      "difficulty": "hard",
      "clear_rate": 86.52,
      "attempts": 24,
      "clears": 14,
      "likes": 199,
      "tags": [
        "platformer",
        "speedrun"
      ],
      "completion_rate": 0.097,
      "difficulty_score": 0.016,
      "popularity_score": 0.969,
      "engagement_score": 0.36
    },
    {
      "level_id": "b86089bb-0508-4796-b7de-f44a3a3ade0d",
      "title": "Level 76",
      "maker": "Player 6",
      "difficulty": "expert",
      "clear_rate": 36.01,
      "attempts": 722,
      "clears": 4,
      "likes": 86,
      "tags": [
        "puzzle",
        "technical"
      ],
      "completion_rate": 0.23,
      "difficulty_score": 0.774,
      "popularity_score": 0.126,
      "engagement_score": 0.096
    },
    {
      "level_id": "fa9dc1e6-843b-4413-aaf4-1658a722cf7e",
      "title": "Level 77",
      "maker": "Player 7",
      "difficulty": "easy",
      "clear_rate": 12.1,
      "attempts": 946,
      "clears": 2,
      "likes": 473,
      "tags": [
        "platformer",
        "speedrun"
      ],
      "completion_rate": 0.288,
      "difficulty_score": 0.168,
      "popularity_score": 0.011,
      "engagement_score": 0.25
    },
    {
      "level_id": "d665efa0-50d4-44d5-bee7-917e73e52d1f",
      "title": "Level 78",
      "maker": "Player 8",
      "difficulty": "normal",
      "clear_rate": 63.41,
      "attempts": 974,
      "clears": 96,
      "likes": 179,
      "tags": [
        "puzzle",
        "technical"
      ],
      "completion_rate": 0.878,
      "difficulty_score": 0.981,
      "popularity_score": 0.425,
      "engagement_score": 0.873
    },
    {
      "level_id": "0facefcf-9acc-4568-9623-c1ebdc7b78de",
      "title": "Level 79",
      "maker": "Player 9",
      "difficulty": "hard",
      "clear_rate": 57.6,
      "attempts": 587,
      "clears": 88,
      "likes": 108,
      "tags": [
        "platformer",
        "speedrun"
      ],
      "completion_rate": 0.698,
      "difficulty_score": 0.506,
      "popularity_score": 0.426,
      "engagement_score": 0.667
    },
    {
      "level_id": "27468344-aefb-421e-9f07-d098a25c15d7",
      "title": "Level 80",
      "maker": "Player 10",
      "difficulty": "expert",
      "clear_rate": 15.75,
      "attempts": 906,
      "clears": 41,
      "likes": 292,
      "tags": [
        "puzzle",
        "technical"
      ],
      "completion_rate": 0.579,
      "difficulty_score": 0.766,
      "popularity_score": 0.348,
      "engagement_score": 0.229
    },
    {
      "level_id": "a1102493-12ca-4495-9aa1-27ffecbcea93",
      "title": "Level 81",
      "maker": "Player 1",
      "difficulty": "easy",
      "clear_rate": 85.94,
      "attempts": 419,
      "clears": 17,
      "likes": 374,
      "tags": [
        "platformer",
        "speedrun"
      ],
      "completion_rate": 0.721,
      "difficulty_score": 0.602,
      "popularity_score": 0.824,
      "engagement_score": 0.298
    },
    {
      "level_id": "0c77083e-0ae2-4e89-b42b-15034e134626",
      "title": "Level 82",
      "maker": "Player 2",
      "difficulty": "normal",
      "clear_rate": 32.59,
      "attempts": 462,
      "clears": 80,
      "likes": 356,
      "tags": [
        "puzzle",
        "technical"
      ],
      "completion_rate": 0.823,
      "difficulty_score": 0.232,
      "popularity_score": 0.95,
      "engagement_score": 0.15
    },
    {
      "level_id": "1fbab0ad-1547-484c-8f56-af66c2421600",
      "title": "Level 83",
      "maker": "Player 3",
      "difficulty": "hard",
      "clear_rate": 16.49,
      "attempts": 387,
      "clears": 31,
      "likes": 402,
      "tags": [
        "platformer",
        "speedrun"
      ],
      "completion_rate": 0.664,
      "difficulty_score": 0.259,
      "popularity_score": 0.819,
      "engagement_score": 0.001
    },
    {
      "level_id": "3b1da50e-cdb1-45b9-b92e-4f806f25f6dc",
      "title": "Level 84",
      "maker": "Player 4",
      "difficulty": "expert",
      "clear_rate": 35.25,
      "attempts": 976,
      "clears": 70,
      "likes": 214,
      "tags": [
        "puzzle",
        "technical"
      ],
      "completion_rate": 0.282,
      "difficulty_score": 0.488,
      "popularity_score": 0.226,
      "engagement_score": 0.757
    },
    {
      "level_id": "cf0fd907-ec11-4039-915b-155c9b416382",
      "title": "Level 85",
      "maker": "Player 5",
      "difficulty": "easy",
      "clear_rate": 29.66,
      "attempts": 113,
      "clears": 94,
      "likes": 147,
      "tags": [
        "platformer",
        "speedrun"
      ],
      "completion_rate": 0.682,
      "difficulty_score": 0.518,
      "popularity_score": 0.03,
      "engagement_score": 0.806
    },
    {
      "level_id": "54b04abb-a894-4155-989c-a69b23e4e022",
      "title": "Level 86",
      "maker": "Player 6",
      "difficulty": "normal",
      "clear_rate": 54.82,
      "attempts": 613,
      "clears": 84,
      "likes": 195,
      "tags": [
        "puzzle",
        "technical"
      ],
      "completion_rate": 0.958,
      "difficulty_score": 0.381,
      "popularity_score": 0.263,
      "engagement_score": 0.709
    },
    {
      "level_id": "c99de842-1099-49e0-95c5-5185d6f41e62",
      "title": "Level 87",
      "maker": "Player 7",
      "difficulty": "hard",
      "clear_rate": 59.72,
      "attempts": 816,
      "clears": 68,
      "likes": 421,
      "tags": [
        "platformer",
        "speedrun"
      ],
      "completion_rate": 0.179,
      "difficulty_score": 0.041,
      "popularity_score": 0.707,
      "engagement_score": 0.628
    },
    {
      "level_id": "979d7dfe-37be-4ed1-9591-dc878e133ac7",
      "title": "Level 88",
      "maker": "Player 8",
      "difficulty": "expert",
      "clear_rate": 36.2,
      "attempts": 729,
      "clears": 68,
      "likes": 2,
      "tags": [
        "puzzle",
        "technical"
      ],
      "completion_rate": 0.542,
      "difficulty_score": 0.645,
      "popularity_score": 0.263,
      "engagement_score": 0.503
    },
    {
      "level_id": "44afbf76-dbb6-41d7-8968-9113c905ddef",
      "title": "Level 89",
      "maker": "Player 9",
      "difficulty": "easy",
      "clear_rate": 56.42,
      "attempts": 392,
      "clears": 43,
      "likes": 352,
      "tags": [
        "platformer",
        "speedrun"
      ],
      "completion_rate": 0.546,
      "difficulty_score": 0.018,
      "popularity_score": 0.099,
      "engagement_score": 0.663
    },
    {
      "level_id": "88952137-df7f-4dcf-9c6d-572b12eb72d9",
      "title": "Level 90",
      "maker": "Player 10",
      "difficulty": "normal",
      "clear_rate": 93.65,
      "attempts": 994,
      "clears": 85,
      "likes": 93,
      "tags": [
        "puzzle",
        "technical"
      ],
      "completion_rate": 0.542,
      "difficulty_score": 0.219,
      "popularity_score": 0.201,
      "engagement_score": 0.899
    },
    {
      "level_id": "dcdae2a7-068f-4799-a5f6-a6009eeab085",
      "title": "Level 91",
      "maker": "Player 1",
      "difficulty": "hard",
      "clear_rate": 44.18,
      "attempts": 911,
      "clears": 94,
      "likes": 335,
      "tags": [
        "platformer",
        "speedrun"
      ],
      "completion_rate": 0.731,
      "difficulty_score": 0.462,
      "popularity_score": 0.918,
      "engagement_score": 0.682
    },
    {
      "level_id": "e52888b7-7c7f-4eae-b52e-e3e793dc2468",
      "title": "Level 92",
      "maker": "Player 2",
      "difficulty": "expert",
      "clear_rate": 0.13,
      "attempts": 101,
      "clears": 41,
      "likes": 340,
      "tags": [
        "puzzle",
        "technical"
      ],
      "completion_rate": 0.497,
      "difficulty_score": 0.293,
      "popularity_score": 0.351,
      "engagement_score": 0.637
    },
    {
      "level_id": "5b3a4cdf-d800-49f6-949b-e27e9b28fac2",
      "title": "Level 93",
      "maker": "Player 3",
      "difficulty": "easy",
      "clear_rate": 96.68,
      "attempts": 370,
      "clears": 12,
      "likes": 183,
      "tags": [
        "platformer",
        "speedrun"
      ],
      "completion_rate": 0.015,
      "difficulty_score": 0.288,
      "popularity_score": 0.906,
      "engagement_score": 0.705
    },
    {
      "level_id": "ae97f065-ec7e-425d-8454-be314f535274",
      "title": "Level 94",
      "maker": "Player 4",
      "difficulty": "normal",
      "clear_rate": 56.64,
      "attempts": 836,
      "clears": 1,
      "likes": 79,
      "tags": [
        "puzzle",
        "technical"
      ],
      "completion_rate": 0.433,
      "difficulty_score": 0.912,
      "popularity_score": 0.231,
      "engagement_score": 0.696
    },
    {
      "level_id": "a170cc09-7a20-4003-9116-35f6ec5ecf53",
      "title": "Level 95",
      "maker": "Player 5",
      "difficulty": "hard",
      "clear_rate": 2.2,
      "attempts": 245,
      "clears": 69,
      "likes": 330,
      "tags": [
        "platformer",
        "speedrun"
      ],
      "completion_rate": 0.506,
      "difficulty_score": 0.802,
      "popularity_score": 0.861,
      "engagement_score": 0.602
    },
    {
      "level_id": "761522ab-191d-4d14-a26e-ec10f51d3633",
      "title": "Level 96",
      "maker": "Player 6",
      "difficulty": "expert",
      "clear_rate": 1.14,
      "attempts": 696,
      "clears": 57,
      "likes": 80,
      "tags": [
        "puzzle",
        "technical"
      ],
      "completion_rate": 0.114,
      "difficulty_score": 0.782,
      "popularity_score": 0.327,
      "engagement_score": 0.566
    },
    {
      "level_id": "d2bef291-68ae-43bb-a0ff-0fc821224bb0",
      "title": "Level 97",
      "maker": "Player 7",
      "difficulty": "easy",
      "clear_rate": 94.38,
      "attempts": 363,
      "clears": 57,
      "likes": 481,
      "tags": [
        "platformer",
        "speedrun"
      ],
      "completion_rate": 0.931,
      "difficulty_score": 0.893,
      "popularity_score": 0.418,
      "engagement_score": 0.195
    },
    {
      "level_id": "a2df2049-b853-4908-b7a4-c1bfd04704b1",
      "title": "Level 98",
      "maker": "Player 8",
      "difficulty": "normal",
      "clear_rate": 66.93,
      "attempts": 223,
      "clears": 7,
      "likes": 243,
      "tags": [
        "puzzle",
        "technical"
      ],
      "completion_rate": 0.656,
      "difficulty_score": 0.121,
      "popularity_score": 0.478,
      "engagement_score": 0.923
    },
    {
      "level_id": "4a376e77-2bca-4a8c-a060-bdc9ed16bad2",
      "title": "Level 99",
      "maker": "Player 9",
      "difficulty": "hard",
      "clear_rate": 68.07,
      "attempts": 670,
      "clears": 8,
      "likes": 87,
      "tags": [
        "platformer",
        "speedrun"
      ],
      "completion_rate": 0.281,
      "difficulty_score": 0.57,
      "popularity_score": 0.717,
      "engagement_score": 0.045
    },
    {
      "level_id": "0d3c781a-694f-4fd6-bb9e-35000ec7f38c",
      "title": "Level 100",
      "maker": "Player 10",
      "difficulty": "expert",
      "clear_rate": 66.04,
      "attempts": 796,
      "clears": 25,
      "likes": 313,
      "tags": [
        "puzzle",
        "technical"
      ],
      "completion_rate": 0.634,
      "difficulty_score": 0.335,
      "popularity_score": 0.521,
      "engagement_score": 0.992
    }
  ]
}